date,temp_deg_c,pco2_h_l,tank_id,pit_tag_id,diam_mm,ht_mm,urchin_wb_id,urchin_wb_mass_g,gonad_wb_id,gonad_wb_mass_g,dry_urchin_plus_wb_mass_g,dry_gonad_plus_wb_mass_g,crack_mass_g,wet_gonad_mass_g,dry_lantern_mass_g,ash_urchin_plus_wb_mass_g,ash_gonad_plus_wb_mass_g,ooze_y_n,sex,urchin_plus_lantern_plus_wb_dry,RNAGN_ID,DNAGN_ID,FAGN_ID,HISTO.CASETTE.NO,CHROMGN_ID,notes
12/4/21,21-18,l,37,815,49.25,26.04,131a,6.3441,131b,2.3326,23.6407,2.773,43.13,1.25,0.9079,19.3530,2.3530,n,,,1,1,1,1,,
12/4/21,21-18,l,37,899,50.33,23.33,144a,6.3492,144b,2.3237,24.4904,2.853,47.62,1.88,1.0250,19.9030,2.3690,y,m,,2,2,2,9,,melted wb hard to see number
12/4/21,21-18,l,37,846,49.74,25.67,137a,6.3220,137b,2.3695,22.1667,2.818,40.27,1.28,1.0880,17.5420,2.3890,n,,,3,3,3,8,,
12/4/21,21-18,l,37,802,65.20,33.52,142a,6.3342,142b,2.3881,40.6333,2.999,78.84,1.95,1.5718,33.2950,2.4490,n,,,4,4,4,7,,
12/4/21,21-18,l,37,826,42.13,23.60,141a,6.3611,141b,2.3409,18.9567,2.568,33.87,0.78,0.6663,15.4940,2.3550,y,m,,5,5,5,10,,
12/4/21,21-18,l,37,,43.96,22.16,143a,6.3266,143b,2.3828,20.5613,2.822,41.89,1.28,0.7459,16.7440,2.3980,n,,,6,6,6,6,,
12/4/21,21-18,l,37,856,44.13,26.07,136a,6.3739,136b,2.3765,21.2348,2.795,39.11,1.41,0.7910,16.7860,2.4100,n,,,7,7,7,30,,
12/4/21,21-18,l,37,855,49.68,23.73,132a,6.3207,132b,2.4062,23.7555,2.700,41.95,1.08,0.8667,19.9220,2.4280,n,,,8,8,8,14,,
12/4/21,21-18,l,37,822,50.64,24.75,101a,6.2245,101b,2.3813,25.7538,2.899,47.44,1.98,1.2502,,2.4280,y,m,,9,9,9,50,,missing ash mass due to melted wb
12/4/21,21-18,l,37,897,50.13,28.02,76a,6.2803,76b,2.3324,24.3330,2.919,47.02,1.67,1.0680,20.0870,2.3750,n,,25.3262,10,10,10,18,,urchin + wb + lantern dry mass = 25.3262
12/4/21,21-18,l,37,882,46.01,25.46,96a,6.2741,96b,2.3816,19.2000,2.822,35.67,1.51,0.8620,16.5950,2.4060,n,,20.0869,11,11,11,39,,urchin + wb + lantern dry mass = 20.0869
12/4/21,21-18,l,37,859,47.13,24.34,77a,6.2231,77b,2.4226,21.9450,2.677,35.07,0.87,0.9440,19.2830,2.4430,y,m,22.8647,12,12,12,55,,urchin + wb + lantern dry mass = 22.8647
12/4/21,21-18,l,37,865,48.73,26.61,126a,6.2591,126b,2.3684,22.3350,2.749,40.35,1.18,1.0440,19.4620,2.3980,t,m,23.3263,13,13,13,49,,urchin + wb + lantern dry mass = 23.3263
12/4/21,21-18,l,37,852,47.17,24.15,71a,6.6281,71b,2.3960,20.5910,2.853,40.59,1.45,0.9340,17.3760,2.4260,n,,21.4740,14,14,14,45,,urchin + wb + lantern dry mass = 21.4740
12/4/21,21-18,l,37,876,43.02,25.50,106a,6.3454,106b,2.3677,18.4620,2.828,32.70,1.43,0.7540,16.0940,2.3870,n,,19.1686,15,15,15,40,,urchin + wb + lantern dry mass = 19.1686
12/4/21,18-14,l,33,809,55.24,29.67,102a,6.4075,102b,2.3144,29.5107,2.873,65.92,2.21,1.2720,23.9470,2.3720,y,m,30.7827,16,16,16,29,,urchin + wb + lantern dry mass = 30.7827
12/4/21,18-14,l,33,891,54.62,22.57,103a,6.1923,103b,2.3263,25.8182,2.712,54.88,1.51,1.0529,21.2270,2.3770,y,m,26.8711,17,17,22,18,,
12/4/21,18-14,l,33,478,59.82,26.20,79a,6.2851,79b,2.3935,20.5660,2.733,54.72,0.75,0.8730,17.9160,2.4440,y,m,,18,18,18,22,,"replacement urchin for mort pit 810. replacement start date = 2021-10-14. ""we are surmising that this is 79  but was originally mislabelled as 97"" - Christian Commander, Ph.D"
12/4/21,18-14,l,33,851,57.14,28.80,121a,6.2602,121b,2.3432,27.7510,2.842,64.20,1.89,1.0340,22.7280,2.3880,y,m,28.6866,19,19,20,13,,
12/4/21,18-14,l,33,877,49.45,23.72,107a,6.2841,107b,2.3810,22.9370,2.845,51.54,1.80,0.8590,18.5180,2.4130,y,f,23.7104,20,20,21,17,,
12/4/21,18-14,l,33,864,44.36,25.40,127a,6.3146,127b,2.3829,21.3960,2.577,39.30,0.58,0.8230,17.5160,2.4000,y,f,22.1148,21,21,22,16,,
12/4/21,18-14,l,33,827,56.27,28.35,122a,6.2927,122b,2.4109,27.9000,2.737,60.78,1.22,1.1444,22.4940,2.4310,y,f,29.0444,22,22,23,21,,
12/4/21,18-14,l,33,843,47.45,29.11,123a,6.2977,123b,2.3886,21.3893,2.638,42.26,0.96,0.8838,17.2900,2.4100,y,f,22.2731,23,23,24,28,,
12/4/21,18-14,l,33,845,43.97,23.74,128a,6.3066,128b,2.3608,18.5668,2.765,35.19,1.31,0.6981,15.5130,2.3870,y,f,19.2649,24,24,25,12,,
12/4/21,18-14,l,33,830,52.11,29.73,124a,6.3979,124b,2.3529,21.2819,2.685,40.13,1.40,0.9618,17.9960,2.3810,y,f,22.2437,25,25,26,24,,
12/4/21,18-14,l,33,842,48.07,22.84,125a,6.2592,125b,2.3802,22.7210,2.658,43.34,1.13,0.8976,19.0540,2.4000,y,f,23.6186,26,26,27,23,,
12/4/21,18-14,l,33,836,50.55,27.37,129a,6.2914,129b,2.3363,23.6736,2.911,47.03,1.97,0.9536,19.7040,2.3880,y,f,24.6272,27,27,28,11,,
12/4/21,18-14,l,33,874,47.81,28.25,130a,6.2893,130b,2.3508,22.2179,2.623,45.89,1.17,1.0118,17.7040,2.3830,y,m,23.2297,28,28,29,35,,
12/4/21,18-14,l,33,840,50.00,24.80,98a,6.2005,98b,2.3786,23.8792,2.857,51.07,1.78,0.8282,19.6110,2.4080,y,f,24.7074,29,29,30,48,,
12/4/21,21-18,l,19,156,65.77,36.98,99a,6.2691,99b,2.4142,41.3880,3.009,82.17,1.99,1.5590,34.8500,2.4440,n,,42.8506,30,30,31,2,,
12/4/21,21-18,l,19,120,52.45,31.58,100a,6.1522,100b,2.3835,32.8870,3.087,69.22,2.48,1.4082,27.8630,2.4310,t,m,34.1919,31,31,32,19,,
12/4/21,21-18,l,19,128,60.38,31.27,72a,6.3322,72b,2.3275,30.7470,2.755,66.83,1.55,1.3730,26.4850,2.3580,y,m,32.0231,32,32,33,53,,
12/4/21,21-18,l,19,103,55.73,25.95,73a,6.2577,73b,2.4108,25.7490,2.797,52.12,1.20,1.1680,21.6340,2.4260,n,f,26.8288,33,33,34,44,,
12/4/21,21-18,l,19,175,62.13,27.94,74a,6.2273,74b,2.3956,,2.849,71.69,1.39,,28.2960,2.4260,n,m,35.5793,34,34,35,47,,
12/4/21,21-18,l,19,121,52.02,26.99,75a,6.2134,75b,2.3403,23.4880,2.541,44.50,0.72,1.2110,20.4000,2.3550,n,m,24.6243,35,35,36,3,,
12/4/21,21-18,l,19,182,47.72,22.65,81a,6.2203,81b,2.4123,21.0790,2.783,41.61,1.38,0.9730,17.8040,2.4400,y,m,21.9774,36,36,37,25,,
12/4/21,21-18,l,19,117,57.66,27.06,82a,6.1762,82b,2.3768,29.0860,2.791,60.60,1.24,1.6340,24.9700,2.4000,n,,30.6311,37,37,38,60,,
12/4/21,21-18,l,19,158,48.22,26.97,83a,6.2597,83b,2.4028,21.3380,2.898,43.09,1.80,1.0060,17.9250,2.4310,y,f,22.2503,38,38,39,54,,
12/4/21,21-18,l,19,,60.04,31.59,84a,6.2575,84b,2.3253,32.7200,2.706,64.60,1.79,1.3020,28.5190,2.3510,n,,33.9320,39,39,40,57,,
12/4/21,21-18,l,19,122,54.54,26.43,85a,6.3712,85b,2.3542,28.9160,2.685,63.91,1.05,1.2220,24.0540,2.3680,n,,30.0362,40,40,41,59,,
12/4/21,21-18,l,19,147,56.42,29.19,86a,6.2064,86b,2.3486,29.7960,2.908,62.52,1.85,1.4880,25.5920,2.4040,n,,31.1834,41,41,42,52,,
12/4/21,21-18,l,19,160,56.19,29.49,87a,6.2212,87b,2.3320,27.9090,2.748,59.12,1.19,1.3230,23.2170,2.3500,n,,29.1234,42,42,43,56,,
12/4/21,21-18,l,19,190,42.26,20.00,88a,6.2177,88b,2.3319,19.5980,2.547,37.55,0.72,0.7710,16.7120,2.3540,n,,20.3022,43,43,44,58,,
12/4/21,21-18,l,19,168,48.62,26.87,89a,6.2424,89b,2.4582,21.7440,2.854,43.76,1.84,0.9610,18.2730,2.5150,t,m,22.6194,44,44,45,51,,
12/4/21,18-14,l,5,879,56.19,30.27,139a,6.4386,139b,2.3544,27.2330,3.260,62.62,3.50,1.1500,22.1040,2.4950,y,f,,45,45,46,34,,
12/4/21,18-14,l,5,858,54.37,31.81,90a,6.2913,90b,2.3910,29.8720,3.454,68.40,3.77,1.8490,23.8840,2.5280,y,f,,46,46,47,43,,
12/4/21,18-14,l,5,890,45.03,24.12,138a,6.3916,138b,2.3603,19.9570,2.798,37.86,1.46,0.7850,16.6300,2.4150,y,f,,47,47,48,42,,
12/4/21,18-14,l,5,883,42.54,22.85,134a,6.3251,134b,2.3712,17.6730,2.565,30.50,0.76,0.7930,15.2110,2.4310,n,,,48,48,49,46,,
12/4/21,18-14,l,5,813,43.65,25.13,133a,6.3743,133b,2.3599,20.5200,2.732,38.88,1.35,0.8670,17.7570,2.4540,y,m,,49,49,50,38,,
12/4/21,18-14,l,5,875,49.18,27.25,135a,6.3838,135b,2.3763,22.3060,2.717,40.66,1.22,1.0490,19.4880,2.4060,n,,,50,50,51,15,,
12/4/21,18-14,l,5,806,64.72,27.33,108a,6.2191,108b,2.3655,33.2700,2.998,77.00,2.13,1.4370,27.0330,2.4580,y,f,,51,51,52,41,,
12/4/21,18-14,l,5,,53.00,25.87,109a,6.2807,109b,2.4135,24.0290,2.804,49.02,1.31,1.0290,20.5400,2.4680,n,,,52,52,53,37,,
12/4/21,18-14,l,5,805,48.20,21.77,110a,6.1963,110b,2.3185,20.3390,2.652,43.14,1.11,0.9030,17.2930,2.3670,n,,,53,53,54,36,,
12/4/21,18-14,l,5,885,51.56,24.45,112a,6.1964,112b,2.4051,21.7560,2.737,45.70,1.31,1.0270,18.3750,2.4600,y,f,,54,54,55,20,,
12/4/21,18-14,l,5,871,46.25,24.64,114a,6.3267,114b,2.4158,20.5630,2.723,44.44,1.30,0.7720,17.3450,2.4490,n,,,55,55,56,33,,
12/4/21,18-14,l,5,825,51.84,26.77,115a,6.2586,115b,2.3989,22.3500,2.876,50.52,1.65,0.9260,18.5510,2.4420,t,m,,56,56,57,32,,
12/4/21,18-14,l,5,888,49.46,24.20,91a,6.2675,91b,2.4017,22.0000,2.738,44.61,1.48,0.9730,19.1330,2.4660,y,m,,57,57,58,31,,
12/4/21,18-14,l,5,886,50.29,21.93,92a,6.2439,92b,2.3926,21.1020,2.831,44.88,1.67,0.8320,17.8880,2.4590,t,m,,58,58,59,5,,
12/4/21,18-14,l,5,893,41.31,20.77,93a,6.3748,93b,2.3841,17.0330,2.528,30.69,1.61,0.6290,14.8610,2.4080,y,f,,59,59,90,4,,
12/4/21,21-18,l,23,914,59.39,34.54,94a,6.2342,94b,2.3144,32.1310,2.869,68.51,1.31,1.5350,27.6830,2.3820,n,,,60,60,61,61,,
12/4/21,21-18,l,23,968,61.99,32.18,111a,6.2358,111b,2.3634,31.0050,2.909,67.14,1.61,1.7200,26.4160,2.3990,n,,,61,61,62,62,,
12/4/21,21-18,l,23,944,45.09,23.33,113a,6.3222,113b,2.3592,19.7990,2.603,33.77,1.16,,17.8970,2.4040,y,m,,62,62,63,63,,
12/4/21,21-18,l,23,909,52.95,23.03,95a,6.2433,95b,2.3326,23.2150,2.787,44.84,1.53,0.9790,20.4510,2.3640,n,,,63,63,67,64,,
12/4/21,21-18,l,23,956,47.72,25.62,97a,6.2235,97b,2.3814,26.8220,2.562,38.85,1.30,1.1490,22.1610,2.3930,y,f,27.971,64,64,97,65,,
12/4/21,21-18,l,23,984,47.36,23.81,78a,6.2343,78b,2.4132,19.7710,2.592,37.23,0.70,0.8370,17.2240,2.4350,y,m,,65,65,84,66,,
12/4/21,21-18,l,23,911,49.69,25.61,80a,6.3021,80b,2.3862,21.0130,2.624,39.59,0.74,0.9130,18.5250,2.4050,n,,,66,66,99,67,,
12/4/21,21-18,l,23,903,47.84,23.47,104a,6.2045,104b,2.3570,20.5040,2.626,40.27,1.03,0.9480,17.9620,2.3860,y,m,,67,67,259,68,,
12/4/21,21-18,l,23,942,46.37,21.54,105a,6.2527,105b,2.3266,18.7510,2.558,33.42,0.69,0.7060,16.4690,2.3450,n,,,68,68,100,69,,
12/4/21,21-18,l,23,925,51.15,24.71,140a,6.3722,140b,2.3421,25.8250,2.683,53.62,1.14,1.1920,21.9620,2.3860,n,,,69,69,75,70,,
12/4/21,21-18,l,23,962,50.09,26.94,116a,6.3344,116b,2.3389,25.1750,2.765,51.90,2.91,0.8910,2.6130,2.4060,t,m,,70,70,84,71,,
12/4/21,21-18,l,23,981,47.84,21.85,117a,6.2883,117b,2.3201,20.4320,2.570,37.28,0.96,0.8770,18.0380,2.3520,y,m,,71,71,94,72,,
12/4/21,21-18,l,23,975,52.31,25.38,145a,6.4256,145b,2.3608,23.6090,2.821,46.68,1.61,0.9620,19.4780,2.4350,n,,,72,72,91,73,,
12/4/21,21-18,l,23,921,41.05,20.02,118a,6.3634,118b,2.3436,17.5860,2.528,30.89,0.61,0.5960,15.1180,2.3830,n,,,73,73,88,74,,
12/4/21,21-18,l,23,989,43.45,23.61,119a,6.2982,119b,2.3244,20.4830,2.657,37.95,1.16,0.7460,17.6430,2.3500,t,m,,74,74,70,75,,
12/5/21,18-14,l,25,970,53.13,28.25,120a,6.1941,120b,2.3541,27.5200,3.011,60.21,2.29,1.0660,23.0450,2.4610,y,f,,75,75,73,76,,
12/5/21,18-14,l,25,967,50.66,23.56,42a,6.3098,42b,2.3608,23.1260,2.818,47.57,2.27,1.1050,20.2750,2.4360,y,m,,76,76,77,77,,
12/5/21,18-14,l,25,902,52.07,26.17,7a,6.2550,7b,2.3507,25.2120,3.010,54.17,2.37,1.0580,21.2440,2.4890,y,f,,77,77,78,78,,
12/5/21,18-14,l,25,993,53.85,26.88,8a,6.3057,8b,2.3323,25.2040,2.869,56.12,2.00,1.1970,21.1950,2.4290,y,f,,78,78,79,79,,
12/5/21,18-14,l,25,936,52.25,26.57,9a,6.3365,9b,2.3890,25.6550,3.111,56.00,3.07,1.1550,21.4930,2.5100,y,m,,79,79,80,80,,
12/5/21,18-14,l,25,931,52.96,25.82,10a,6.2492,10b,2.3583,26.7110,2.970,55.07,2.22,0.9480,22.5200,2.4570,y,f,,80,80,81,81,,
12/5/21,18-14,l,25,985,45.16,24.83,1a,6.3738,1b,2.3189,20.0160,2.467,37.62,0.58,1.1670,17.9470,2.3470,y,f,,81,81,72,82,,
12/5/21,18-14,l,25,963,60.46,28.41,2a,6.3027,2b,2.3410,30.3930,2.973,67.61,2.78,1.1390,26.2350,2.4600,y,m,,82,82,83,83,,
12/5/21,18-14,l,25,904,51.59,26.04,3a,6.3369,3b,2.3720,25.0750,2.824,56.64,1.84,0.9780,21.7680,2.4500,y,m,,83,83,62,84,,
12/5/21,18-14,l,25,,50.11,23.99,4a,6.3847,4b,2.3666,23.1330,2.790,49.04,1.77,1.0840,19.9200,2.4270,y,m,,84,84,65,85,,
12/5/21,18-14,l,25,951,44.55,24.00,5a,6.2341,5b,2.3355,19.9320,2.729,38.58,1.41,0.8410,17.1530,2.4240,y,m,,85,85,86,86,,
12/5/21,18-14,l,25,900,53.69,24.11,11a,6.3719,11b,2.3654,26.1840,2.718,55.39,1.14,1.2010,21.6560,2.4090,y,f,,86,86,87,87,,
12/5/21,18-14,l,25,934,49.70,24.09,12a,6.3194,12b,2.3641,23.2540,2.883,47.59,1.90,0.9760,19.7040,2.4720,t,m,,87,87,68,88,,
12/5/21,18-14,l,25,906,46.62,21.97,13a,6.2991,13b,2.3939,20.4850,2.721,44.83,1.71,0.8260,17.9420,2.4460,y,f,,88,88,98,89,,
12/5/21,18-14,l,25,971,55.55,23.76,14a,6.3057,14b,2.3510,23.8950,2.760,47.99,1.61,1.1150,20.7260,2.4040,y,m,,89,89,95,90,,
12/5/21,21-18,l,39,21,43.38,22.89,21a,6.2531,21b,2.3491,17.1020,2.582,31.72,0.75,0.5640,14.9560,2.3720,n,,,90,90,85,91,,
12/5/21,21-18,l,39,56,49.12,24.31,22a,6.2913,22b,2.3357,24.1090,2.816,56.11,1.86,1.3990,20.0270,2.4045,n,,,91,91,92,92,,
12/5/21,21-18,l,39,92,57.82,30.29,23a,6.3237,23b,2.3271,27.4030,2.944,59.81,2.14,1.3680,22.7750,2.3810,n,,,92,92,93,93,,
12/5/21,21-18,l,39,64,56.12,27.63,24a,6.2726,24b,2.3695,27.9970,3.073,61.81,2.41,1.5880,23.6380,2.4230,n,,,93,93,74,94,,
12/5/21,21-18,l,39,63,47.54,23.63,25a,6.2107,25b,2.3610,23.2750,2.694,44.21,1.20,1.0560,20.1400,2.4020,t,m,,94,94,66,95,,
12/5/21,21-18,l,39,30,62.83,33.14,31a,6.3029,31b,2.3662,34.8200,3.149,79.54,2.68,1.5150,28.4860,2.4770,n,,,95,95,96,96,,
12/5/21,21-18,l,39,9,50.05,24.33,32a,6.2800,32b,2.3558,23.4610,2.781,47.75,1.43,1.0040,20.1000,2.4450,y,f,,96,96,76,97,,
12/5/21,21-18,l,39,34,53.83,27.26,33a,6.3122,33b,2.3751,25.9910,2.718,54.49,1.05,1.1320,22.8410,2.4260,n,,,101,101,89,98,,
12/5/21,21-18,l,39,36,55.98,26.89,34a,6.2962,34b,2.3608,28.3420,2.887,61.14,1.67,1.0990,24.0790,2.4360,t,m,,102,102,60,99,,
12/5/21,21-18,l,39,62,53.50,24.20,35a,6.3515,35b,2.3753,23.4460,3.108,51.06,2.51,0.9540,20.1210,2.4580,n,,,100,100,69,100,,
12/5/21,21-18,l,39,33,49.72,26.79,15a,6.3522,15b,2.3713,23.9720,2.540,47.66,0.73,1.0430,21.4230,2.3980,t,m,,103,103,71,101,,
12/5/21,21-18,l,39,42,45.18,20.67,26a,6.3237,26b,2.3593,18.1360,2.530,32.43,0.62,0.9790,16.3960,2.3710,n,,,104,104,82,102,,
12/5/21,21-18,l,39,96,48.13,24.26,27a,6.3105,27b,2.3556,20.3090,2.572,39.86,0.81,0.7940,17.8000,2.4510,t,m,,105,105,no vial,103,,
12/5/21,21-18,l,39,75,42.35,23.33,28a,6.2833,28b,2.3261,16.4600,2.474,27.33,0.55,0.7210,14.3960,2.3450,y,f,,106,106,no vial,104,,
12/5/21,21-18,l,39,25,51.33,27.83,29a,6.3198,29b,2.3785,24.6320,2.913,54.16,2.14,1.1320,21.0430,2.4270,n,,,107,107,no vial,105,,
12/6/21,18-14,l,24,949,64.68,32.12,66a,6.2381,66b,2.4037,34.0170,3.025,36.02,2.61,1.4730,29.0020,2.5020,y,m,,108,108,56,106,,
12/6/21,18-14,l,24,999,58.19,24.98,67a,6.2104,67b,2.4203,27.1210,2.959,32.70,2.01,1.1580,23.0300,2.4970,y,f,,109,109,51,107,,
12/6/21,18-14,l,24,959,56.80,23.05,68a,6.2360,68b,2.3603,30.0090,3.373,34.63,3.08,1.3120,24.7090,2.5020,y,f,,110,110,57,108,,
12/6/21,18-14,l,24,953,46.86,24.07,69a,6.2608,69b,2.3289,17.7710,2.606,33.65,1.13,0.7260,15.3390,2.3670,y,f,,111,111,52,109,,
12/6/21,18-14,l,24,912,49.65,23.06,70a,6.3818,70b,2.3475,21.0050,2.733,39.50,1.36,0.9520,18.2440,2.4150,y,f,,112,112,53,110,,
12/6/21,18-14,l,24,937,54.08,26.84,54a,6.3272,54b,2.3635,25.5460,2.683,50.71,1.07,1.2050,21.6850,2.4230,y,f,,113,113,54,111,,
12/6/21,18-14,l,24,955,50.27,23.83,41a,6.2778,41b,2.3774,19.5080,2.620,37.28,1.08,0.8340,17.0660,2.4040,y,m,,114,114,97,112,,
12/6/21,18-14,l,24,938,57.75,27.81,52a,6.3860,52b,2.3687,27.5060,2.883,59.58,2.09,1.1450,23.8390,2.4630,y,m,,115,115,96,113,,
12/6/21,18-14,l,24,910,53.81,25.82,30a,6.3305,30b,2.3950,22.4000,2.703,44.88,1.45,1.0460,19.6670,2.4550,n,,,116,116,58,114,,
12/6/21,18-14,l,24,998,61.16,32.19,61a,6.3301,61b,2.3729,29.7330,3.246,66.93,3.48,1.5420,25.1530,2.5250,y,m,,117,117,64,115,,
12/6/21,18-14,l,24,929,52.59,22.31,62a,6.4213,62b,2.3617,22.9670,2.820,47.82,1.78,0.9850,19.7390,2.4520,y,f,,118,118,99,116,,
12/6/21,18-14,l,24,972,53.90,23.02,37a,6.2555,37b,2.3835,22.8230,2.782,47.02,1.61,1.0814,19.2140,2.4450,y,m,,119,119,60,117,,
12/6/21,18-14,l,24,913,46.08,23.50,43a,6.3035,43b,2.3376,20.5700,2.651,39.01,1.18,1.0630,17.9720,2.3980,y,f,,120,120,61,118,,
12/6/21,18-14,l,24,979,53.78,27.49,51a,6.4043,51b,2.3494,25.2240,2.846,52.23,2.55,1.2360,22.2440,2.4210,y,m,,121,121,66,119,,
12/6/21,18-14,l,24,960,50.46,24.01,57a,6.4017,57b,2.3493,22.4870,2.777,46.66,1.87,1.2780,19.9450,2.4280,y,m,,122,122,72,120,,
12/8/21,18,h,17,739,55.39,29.33,47a,6.3092,47b,2.3495,30.6530,2.977,60.97,2.39,1.1800,27.6180,2.4460,y,m,,123,123,,18H01,,
12/8/21,18,h,15,738,55.81,28.28,38a,6.3260,38b,2.3781,27.3500,3.046,58.09,3.77,1.4810,23.5160,2.5000,y,f,,124,124,,18H02,,
12/8/21,18,h,15,709,44.30,17.85,56a,6.3861,56b,2.3431,16.9660,2.703,29.32,1.31,0.7380,14.7390,2.3840,y,f,,125,125,,18H03,,
12/8/21,18,h,17,701,49.97,26.87,46a,6.3793,46b,2.3450,23.2630,2.865,44.09,1.84,1.1460,19.2630,2.3800,y,f,,126,126,,18H04,,
12/8/21,18,h,15,765,51.20,26.61,63a,6.3868,63b,2.3999,25.0040,2.983,52.31,3.15,1.1160,20.8820,2.4990,y,f,,127,127,,18H05,,
12/8/21,18,h,17,,52.43,25.60,39a,6.3001,39b,2.3679,26.1240,2.840,54.17,2.40,1.2450,22.9320,2.4220,n,,,128,128,,18H06,,
12/8/21,18,h,15,735,47.58,22.78,19a,6.2360,19b,2.3705,21.9740,2.882,43.97,2.53,1.0600,19.0580,2.4440,y,m,,129,129,,18H07,,
12/8/21,18,h,15,749,48.07,23.49,64a,6.3577,64b,2.3942,21.7630,2.787,38.73,1.92,1.0260,18.9520,2.5330,y,m,,130,130,,18H08,,
12/8/21,18,h,17,728,43.95,19.74,65a,6.4003,65b,2.3776,18.1070,2.862,28.98,1.70,0.7220,,2.4460,y,m,,131,131,,18H09,,
12/8/21,18,h,17,737,50.27,20.96,20a,6.2615,20b,2.3543,26.5880,2.836,43.43,2.03,0.9950,23.4500,2.4290,n,,,132,132,,18H10,,
12/8/21,18,h,17,757,55.73,26.74,58a,6.3630,58b,2.3511,25.7000,2.931,49.87,2.08,1.3580,22.2050,2.3890,n,,,133,133,,18H11,,
12/8/21,18,h,17,704,50.79,24.26,36a,6.3831,36b,2.3853,23.7530,3.014,45.35,2.78,1.1330,19.7860,2.4470,n,,,134,134,,18H12,,
12/8/21,18,h,17,700,50.26,25.60,59a,6.3944,59b,2.3924,26.0050,3.280,45.89,3.25,1.3530,21.9020,2.6070,y,f,,135,135,,18H13,,
12/8/21,18,h,15,799,46.76,21.48,60a,6.3867,60b,2.3940,21.9180,2.915,37.60,1.75,1.0480,18.9280,2.4790,n,,,136,136,,18H14,,
12/8/21,18,h,15,729,48.70,23.00,40a,6.2979,40b,2.3611,22.9690,2.783,41.46,2.00,1.1620,19.7040,2.4390,y,f,,137,137,,18H15,,
12/8/21,18,h,17,922,54.07,24.85,196a,6.3057,196b,2.3491,26.2840,2.732,51.25,1.38,1.0740,22.7320,2.3990,y,m,,138,138,,18H16,,
12/8/21,18,h,17,19,43.42,16.76,6a,6.2487,6b,2.3492,18.4590,2.624,28.63,1.07,0.7490,16.4620,2.3830,y,m,,151,151,,18H17,,
12/8/21,18,h,15,798,46.17,19.91,197a,6.3488,197b,2.3901,21.1930,2.818,37.84,1.23,1.0980,18.0400,2.4090,y,f,,139,139,,18H18,,
12/8/21,18,h,15,759,51.99,21.46,50a,6.3254,50b,2.3254,25.2130,2.953,46.59,1.93,1.1170,21.7930,2.3800,y,f,,140,140,,18H19,,
12/8/21,18,h,15,756,47.57,21.18,53a,6.3879,53b,2.3572,22.4330,2.808,40.75,1.76,0.9440,19.2770,2.4450,y,f,,141,141,,18H20,,
12/8/21,18,h,17,797,53.81,23.18,176a,6.3286,176b,2.3933,25.0500,2.813,43.17,1.23,1.2780,21.7840,2.4130,n,,,142,142,,18H21,,spawned out
12/8/21,18,h,15,714,57.37,26.60,17a,6.3860,17b,2.3623,30.8160,2.918,61.41,2.14,1.2660,26.1420,2.4120,y,f,,143,143,,18H22,,
12/8/21,18,h,17,703,49.10,19.66,18a,6.3089,18b,2.3780,21.6040,2.794,38.50,1.69,0.8860,18.7880,2.4340,y,f,,144,144,,18H23,,
12/8/21,18,h,17,710,51.16,23.25,16a,6.2527,16b,2.3625,24.4100,2.939,58.00,2.93,1.2200,22.8290,2.4600,y,m,,145,145,,18H24,,
12/8/21,18,h,17,707,54.51,25.49,44a,6.3254,44b,2.3820,29.9770,3.049,55.56,2.43,1.1640,24.8780,2.4590,y,m,,146,146,,18H25,,
12/8/21,18,h,15,776,47.53,23.81,45a,6.3296,45b,2.3735,24.5520,2.673,54.87,1.31,1.2380,21.6790,2.4350,y,f,,147,147,,18H26,,
12/8/21,18,h,17,782,60.18,27.23,48a,6.3675,48b,2.3495,34.3330,3.247,71.54,3.78,1.8310,29.6370,2.5000,y,m,,148,148,,18H27,,
12/8/21,18,h,17,713,53.88,27.28,178a,6.3927,178b,2.3902,28.7490,3.158,59.75,3.41,1.4220,24.8570,2.5320,t,m,,149,149,,18H28,,
12/8/21,18,h,15,743,46.12,23.69,49a,6.3853,49b,2.3468,22.0480,2.790,36.97,1.64,0.9110,19.2370,2.3840,n,,,150,150,,18H29,,
12/8/21,18,l,27,435,50.23,24.00,177a,6.2563,177b,2.3699,24.2180,2.707,48.13,1.43,1.1250,20.7230,2.4100,y,m,,152,152,,18L01,,
12/8/21,18,l,18,788,45.69,23.41,179a,6.3246,179b,2.3896,19.9580,2.696,37.12,1.15,0.9790,17.5750,2.4320,y,m,,153,153,,18L02,,
12/8/21,18,l,18,719,49.18,21.66,173a,6.3129,173b,2.3462,23.7090,2.897,44.70,1.84,,20.7590,2.4320,y,m,,154,154,,18L03,,
12/8/21,18,l,27,417,45.26,22.71,174a,6.3222,174b,2.3448,19.2620,2.684,35.23,1.32,0.9619,17.2140,2.3940,y,m,,155,155,,18L04,,
12/8/21,18,l,18,753,43.31,19.17,180a,6.3520,180b,2.3921,17.0730,2.644,28.77,0.89,0.8230,15.1640,2.4400,t,m,,156,156,,18L05,,
12/8/21,18,l,18,784,46.99,21.08,175a,6.3181,175b,2.3658,20.2130,2.579,36.23,0.82,1.2210,17.8670,2.3900,y,f,,157,157,,18L06,,
12/8/21,18,l,27,463,43.96,29.25,198a,6.3289,198b,2.3302,19.0250,2.579,32.39,0.83,0.7210,16.6900,2.3690,y,m,,158,158,,18L07,,
12/8/21,18,l,18,702,43.47,19.25,199a,6.3009,199b,2.2940,17.3760,2.542,27.77,0.82,0.5970,14.8310,2.3311,t,f,,159,159,,18L08,,
12/8/21,18,l,27,446,56.52,23.92,171a,6.2983,171b,2.3409,28.7960,2.919,57.50,2.04,1.3520,24.4880,2.4040,y,m,,160,160,,18L09,,
12/8/21,18,l,18,795,46.01,20.65,172a,6.3442,172b,2.3522,21.3710,2.772,37.49,1.45,0.8450,18.4870,2.4110,y,m,,161,161,,18L10,,
12/8/21,18,l,27,499,51.88,23.64,55a,6.3877,55b,2.3760,26.4050,2.935,52.81,2.00,1.6470,22.7180,2.4640,y,m,,162,162,,18L11,,
12/8/21,18,l,27,482,44.83,19.64,200a,6.3234,200b,2.3664,19.0620,2.668,33.92,1.02,0.7810,16.9020,2.4030,y,m,,163,163,,18L12,,
12/8/21,18,l,18,752,51.20,24.00,146a,6.3329,146b,2.3610,24.8250,2.799,48.29,1.30,1.3750,21.2480,2.4010,t,f,,164,164,,18L13,,
12/8/21,18,l,27,425,45.31,23.50,147a,6.3328,147b,2.3584,21.1470,2.804,38.83,1.22,0.8160,17.9150,2.4150,t,f,,165,165,,18L14,,
12/8/21,18,l,27,452,48.81,21.07,148a,6.3676,148b,2.3947,23.4110,2.759,48.10,1.15,1.0660,20.2350,2.4360,y,m,,166,166,,18L15,,
12/8/21,18,l,18,716,52.80,30.39,189a,6.2556,189b,2.3998,25.8660,3.024,47.24,2.67,1.2600,18.9360,2.4901,y,f,,167,167,,18L16,,
12/8/21,18,l,27,467,48.54,20.24,193a,6.4041,193b,2.3009,21.0420,2.629,34.70,1.41,0.8600,18.2580,2.3440,y,f,,168,168,,18L17,,
12/8/21,18,l,27,495,47.25,24.99,194a,6.3716,194b,2.3550,24.4070,2.780,45.17,1.76,0.9850,21.1750,2.4230,y,f,,169,169,,18L18,,
12/8/21,18,l,27,415,46.99,20.37,190a,6.3439,190b,2.3394,20.5870,2.703,35.25,1.56,1.0820,17.9180,2.3980,y,f,,170,170,,18L19,,
12/8/21,18,l,27,404,54.05,24.04,149a,6.3287,149b,2.3925,27.9930,3.270,50.30,2.79,1.3850,23.7020,2.4850,n,,,171,171,,18L20,,
12/8/21,18,l,27,440,43.26,22.78,150a,6.3410,150b,2.3301,19.8560,2.648,32.60,1.33,0.7080,17.5750,2.4010,y,f,,172,172,,18L21,,
12/8/21,18,l,18,734,48.97,24.47,184a,6.3471,184b,2.3787,23.0180,3.278,47.55,3.94,1.2240,20.3690,2.5900,y,f,,173,173,,18L22,,
12/8/21,18,l,18,762,55.35,24.46,185a,6.3316,185b,2.3638,27.9190,2.675,57.81,2.14,1.4600,24.5880,2.4230,y,m,,174,174,,18L23,,
12/8/21,18,l,27,439,51.22,25.69,191a,6.3247,191b,2.3573,25.5610,3.076,53.21,3.99,1.2750,21.9860,2.4920,y,f,,175,175,,18L24,,
12/8/21,18,l,18,727,44.74,19.64,186a,6.3339,186b,2.3857,19.5400,2.889,35.27,3.30,0.8240,17.2660,2.5100,y,f,,176,176,,18L25,,
12/8/21,18,l,27,464,46.84,20.39,188a,6.3386,188b,2.3886,19.8980,2.574,37.46,2.29,0.9260,17.1020,2.4250,y,f,,177,177,,18L26,,
12/8/21,18,l,18,740,50.53,22.66,182a,6.3133,182b,2.3629,23.6420,2.968,49.90,2.46,1.1170,20.1010,2.4550,y,f,,178,178,,18L27,,
12/8/21,18,l,18,733,42.66,19.65,187a,6.3279,187b,2.3799,17.8010,2.662,31.08,1.33,0.7060,15.6010,2.4380,y,m,,179,179,,18L28,,
12/8/21,13,l,26,947,50.75,23.08,161a,6.3803,161b,2.3818,25.0280,2.728,44.92,1.38,1.0420,21.3360,2.4520,y,f,,180,180,,13L01,,
12/8/21,13,l,3,772,53.32,23.35,162a,6.4010,162b,2.3870,26.5110,3.080,55.20,2.46,1.0900,22.0540,2.4770,t,m,,181,181,,13L02,,
12/8/21,13,l,26,995,51.31,21.84,163a,6.3236,163b,2.3692,24.7380,3.069,47.41,2.95,1.0570,20.8960,2.4950,y,f,,182,182,,13L03,,
12/8/21,13,l,26,983,58.73,25.33,181a,6.3486,181b,2.3952,32.7950,2.997,67.83,3.17,1.2860,27.5650,2.4860,y,m,,183,183,,13L04,,
12/8/21,13,l,26,10,48.81,23.84,183a,6.3748,183b,2.3582,23.3440,2.804,45.49,2.33,0.9760,19.8800,2.4340,y,m,,184,184,,13L05,,
12/8/21,13,l,3,785,51.40,21.86,164a,6.3405,164b,2.3556,25.5500,2.709,47.31,1.82,1.1910,22.1730,2.4090,t,m,,185,185,,13L06,,
12/8/21,13,l,3,892,43.94,19.98,165a,6.3610,165b,2.3885,14.6930,2.756,30.20,1.67,1.0751,13.0690,2.4580,n,,,186,186,,13L07,,only half a carcass in the wb
12/8/21,13,l,26,918,48.52,20.55,157a,6.3638,157b,2.4182,21.3750,2.725,39.26,2.01,1.0730,18.5390,2.4530,y,m,,187,187,,13L08,,
12/8/21,13,l,3,736,47.83,22.30,158a,6.3339,158b,2.3773,22.4530,2.756,43.07,2.01,0.8940,19.4210,2.4790,y,m,,188,188,,13L09,,
12/8/21,13,l,3,816,46.13,21.42,166a,6.3707,166b,2.3615,21.6720,2.956,42.05,2.51,1.0750,18.6270,2.4320,y,f,,189,189,,13L10,,
12/8/21,13,l,26,974,64.92,33.37,159a,6.2598,159b,2.3620,40.3530,3.272,85.83,4.20,1.8870,34.1830,2.5207,y,m,,190,190,,13L11,,
12/8/21,13,l,26,958,52.83,22.74,160a,6.2994,160b,2.3599,27.2460,2.876,50.92,2.09,1.1440,23.4260,2.4740,y,f,,191,191,,13L12,,
12/8/21,13,l,26,932,49.32,22.06,167a,6.4232,167b,2.3405,28.1460,2.774,44.97,1.90,0.8720,24.3450,2.4430,y,f,,192,192,,13L13,,
12/8/21,13,l,26,915,47.38,20.39,168a,6.3928,168b,2.3734,21.5320,2.433,39.10,2.16,0.9190,18.4560,2.3890,t,m,,193,193,,13L14,,
12/8/21,13,l,3,867,42.77,19.73,169a,6.3283,169b,2.3149,18.5090,2.558,33.55,1.14,0.7520,15.9890,2.3510,y,f,,194,194,,13L15,,
12/8/21,13,l,3,721,56.28,27.55,151a,6.3605,151b,2.3605,33.3730,3.197,71.16,3.34,1.5520,27.6980,2.4850,y,f,,195,195,,13L16,,
12/8/21,13,l,26,996,53.83,24.78,152a,6.3416,152b,2.3913,26.1100,,50.21,2.93,1.2070,21.8630,2.5390,n,,,196,196,,13L17,,
12/8/21,13,l,26,941,53.67,25.59,195a,6.3419,195b,2.3759,24.7020,3.148,50.75,2.94,1.0710,20.4770,2.4070,n,,,197,197,,13L18,,
12/8/21,13,l,3,880,46.06,21.01,153a,6.4135,153b,2.3896,21.2100,3.130,47.48,2.74,1.0750,17.7130,2.4940,y,f,,198,198,,13L19,,
12/8/21,13,l,3,820,47.21,21.64,170a,6.3841,170b,2.4011,20.8150,2.908,41.87,2.79,0.9370,18.0970,2.4930,y,f,,199,199,,13L20,,
12/8/21,13,l,3,754,53.87,24.77,154a,6.3117,154b,2.3523,26.0700,2.851,58.59,2.22,1.4840,21.8660,2.4740,y,m,,200,200,,13L21,,
12/8/21,13,l,26,964,40.57,16.95,192a,6.3628,192b,2.3072,17.7570,2.576,29.95,1.19,0.6620,15.6920,2.3720,n,,,201,201,,13L22,,
12/8/21,13,l,26,969,60.17,25.69,156a,6.3237,156b,2.3828,31.4880,3.091,67.38,3.36,1.7420,26.7380,2.5410,y,f,,202,202,,13L23,,
12/8/21,13,l,3,833,46.77,21.94,155a,6.3711,155b,2.3906,22.1460,2.955,43.14,3.37,1.0280,19.4800,2.5250,y,f,,203,203,,13L24,,
12/8/21,13,l,26,952,51.22,23.78,209a,6.3390,209b,2.3732,23.7880,2.915,48.43,3.14,1.1710,20.2330,2.5110,y,f,,204,204,,13L25,,
12/8/21,13,l,3,796,48.00,22.49,208a,6.2853,208b,2.4186,21.8830,3.072,45.27,3.63,1.1330,18.8490,2.5610,y,f,,205,205,,13L26,,
12/8/21,13,l,3,706,52.92,23.29,206a,6.3261,206b,2.3817,24.1010,3.072,47.09,3.18,1.1950,20.5250,2.5160,y,f,,206,206,,13L27,,
12/8/21,13,l,3,841,51.09,23.28,207a,6.2843,207b,2.3911,23.8310,2.993,46.35,2.30,1.1190,20.2560,2.4030,y,f,,207,207,,13L28,,
12/8/21,13,l,3,781,53.90,24.65,201a,6.3875,201b,2.3496,28.5620,2.934,59.83,2.67,1.4740,24.4520,2.4500,y,m,,208,208,,13L29,,
12/8/21,13,l,26,924,52.78,23.51,202a,6.3768,202b,2.3944,26.0040,2.919,53.32,2.33,0.9880,21.8730,2.5120,y,f,,209,209,,13L30,,
12/9/21,20,h,6,821,49.27,22.06,230a,6.3930,230b,2.3380,20.3120,2.771,38.81,1.59,0.9832,17.7300,2.4400,y,f,,210,210,77,20H01,,
12/9/21,20,h,6,807,56.32,26.99,231a,6.3687,231b,2.3661,27.7140,2.998,57.88,2.24,1.3610,23.2420,2.4680,y,m,,211,211,95,20H02,,
12/9/21,20,h,6,804,52.22,24.15,232a,6.2938,232b,2.3823,23.1880,2.913,47.23,1.93,1.2220,20.1380,2.4630,y,m,,212,212,68,20H03,,
12/9/21,20,h,6,849,46.53,21.00,233a,6.3313,233b,2.3164,18.5550,2.694,31.83,1.10,0.9120,16.4600,2.3760,n,,,213,213,90,20H04,,
12/9/21,20,h,6,834,52.55,26.68,234a,6.2862,234b,2.3221,25.2950,2.953,52.07,2.05,1.3450,22.0060,2.4000,n,,,214,214,84,20H05,,
12/9/21,20,h,6,837,50.16,24.16,235a,6.3530,235b,2.3577,22.3550,2.811,42.56,1.36,0.9138,19.0660,2.3980,n,,,215,215,70,20H06,,
12/9/21,20,h,6,811,52.60,25.79,236a,6.3642,236b,2.3688,24.5070,2.869,46.98,1.50,1.1510,,2.3990,n,,,216,216,,20H07,,saved for skeletal analysis
12/9/21,20,h,6,881,45.15,21.90,237a,6.3104,237b,2.3416,18.2910,2.729,32.75,1.41,0.8420,16.0930,2.3980,y,f,,217,217,,20H08,,
12/9/21,20,h,6,869,50.67,26.25,238a,6.3630,238b,2.3451,22.0220,2.781,44.72,1.53,1.1300,18.7480,2.4110,y,f,,218,218,,20H09,,
12/9/21,20,h,6,823,51.07,22.84,239a,6.3331,239b,2.3436,20.0580,2.752,36.98,1.33,0.8840,17.4190,2.4040,y,m,,219,219,,20H10,,
12/9/21,20,h,6,895,44.22,22.40,240a,6.3719,240b,2.3413,18.7560,2.702,33.66,1.31,0.6410,16.0580,2.3940,y,f,,220,220,,20H11,,
12/9/21,20,h,6,814,46.35,22.45,241a,6.3667,241b,2.3174,20.5740,2.826,39.18,1.84,0.9580,17.9970,2.3840,y,f,,221,221,,20H12,,
12/9/21,20,h,6,896,46.49,24.50,242a,6.3797,242b,2.3309,19.6670,2.654,36.51,1.24,0.8480,17.1790,2.4270,y,m,,222,222,,20H13,,
12/9/21,20,h,6,866,47.22,23.31,243a,6.3983,243b,2.3795,19.7950,2.776,36.78,1.49,0.9420,17.4050,2.4480,y,m,,223,223,,20H14,,
12/9/21,20,h,6,817,45.20,20.78,244a,6.3647,244b,2.3279,18.7820,2.750,32.34,1.23,0.8180,,2.3590,n,,,224,224,,20H15,,saved for skeletal analysis
12/9/21,20,h,31,58,54.50,27.60,245a,6.3280,245b,2.3375,27.1560,2.876,54.15,1.88,1.2300,23.6750,2.4230,y,m,,225,225,71,20H16,,
12/9/21,20,h,31,5,51.86,26.83,246a,6.3386,246b,2.3338,23.1650,2.839,43.40,1.60,1.1220,20.5120,2.4050,y,m,,226,226,67,20H17,,
12/9/21,20,h,31,99,60.46,27.32,247a,6.3482,274b,2.3778,28.4250,2.980,60.53,1.93,1.1530,24.0690,2.4410,n,,,227,227,92,20H18,,
12/9/21,20,h,31,1,45.73,22.89,248a,6.3970,248b,2.3975,20.7460,2.739,38.58,1.37,0.7930,18.1120,2.4740,y,m,,228,228,91,20H19,,
12/9/21,20,h,31,16,50.91,24.50,249a,6.3155,249b,2.3510,24.1280,2.969,49.19,1.81,1.2490,20.5080,2.3930,n,,,229,229,63,20H20,,
12/9/21,20,h,31,98,51.43,23.23,250a,6.3602,250b,2.3240,21.6260,2.596,40.81,0.88,1.1170,18.8660,2.3430,n,,,230,230,89,20H21,,
12/9/21,20,h,31,87,56.30,26.94,251a,4.2978,251b,2.3578,23.6780,3.102,36.06,2.34,1.2970,19.3850,2.4510,y,f,,231,231,,20H22,,
12/9/21,20,h,31,29,47.73,25.28,252a,4.2972,252b,2.3788,18.1680,2.746,37.95,1.20,1.0650,15.3870,2.4300,y,m,,232,232,,20H23,,
12/9/21,20,h,31,86,51.40,26.19,253a,6.2488,253b,2.3826,25.7250,2.123,52.13,2.05,1.2030,21.8640,2.4610,y,f,,233,233,,20H24,,
12/9/21,20,h,31,6,50.10,23.05,254a,5.9492,254b,2.3584,21.2530,3.005,44.53,2.16,1.0440,17.8450,2.4440,y,f,,234,234,,20H25,,
12/9/21,20,h,31,72,51.79,25.92,255a,5.9443,255b,2.3429,24.3110,2.922,48.48,1.59,1.1560,,2.3930,n,,,235,235,,20H26,,saved for skeletal analysis
12/9/21,20,h,31,12,54.61,24.96,256a,4.2563,256b,2.3730,22.9860,2.977,51.63,2.10,1.0570,19.5510,2.4680,y,m,,236,236,,20H27,,
12/9/21,20,l,34,113,46.89,22.78,257a,5.7564,257b,2.3283,20.4960,2.665,38.53,1.18,0.9490,17.8610,2.3580,t,f,,237,237,86,20L01,,
12/9/21,20,l,34,140,54.12,27.36,258a,6.0024,258b,2.3890,25.4520,2.909,51.99,1.88,1.1590,21.8520,2.4810,y,m,,238,238,98,20L02,,
12/9/21,20,l,34,173,58.39,27.51,259a,5.7823,259b,2.3945,27.7230,3.121,60.90,2.32,1.2710,23.6980,2.4780,y,m,,239,239,79,20L03,,
12/9/21,20,l,34,146,56.60,28.13,260a,4.3028,260b,2.4028,25.0790,2.995,58.76,1.88,1.2360,21.3680,2.4720,n,,,240,240,78,20L04,,
12/9/21,20,l,34,125,45.65,23.46,261a,4.3301,261b,2.3990,18.0030,2.694,35.35,1.00,0.9690,15.4220,2.4280,n,,,241,241,94,20L05,,
12/9/21,20,l,34,186,49.64,24.67,262a,4.2799,262b,2.3584,21.5360,2.859,45.18,1.58,1.1130,,2.3950,t,m,,242,242,55,20L06,,saved for skeletal analysis
12/9/21,20,l,34,161,56.97,29.72,263a,5.8311,263b,2.2916,27.2730,2.824,57.01,1.81,1.2811,23.5540,2.3740,y,m,,243,243,,20L07,,
12/9/21,20,l,34,185,56.64,25.07,264a,4.2539,264b,2.3415,22.5820,2.717,55.23,1.26,1.6220,21.4770,2.3820,t,f,,244,244,,20L08,,
12/9/21,20,l,34,107,50.74,21.87,265a,5.7999,265b,2.3385,22.2780,2.790,42.02,1.32,0.9255,21.8550,2.3700,n,,,245,245,,20L09,,
12/9/21,20,l,34,119,48.23,23.25,266a,4.2653,266b,2.3122,18.4420,2.651,37.86,1.01,0.8070,,2.4020,n,,,246,246,,20L10,,saved for skeletal analysis
12/9/21,20,l,34,123,58.18,26.45,267a,4.3095,267b,2.3466,26.3770,2.856,58.31,1.58,1.3720,23.0590,2.3980,n,,,247,247,,20L11,,
12/9/21,20,l,34,172,61.14,29.00,268a,5.9730,268b,2.3604,32.7210,3.270,76.97,2.97,1.9774,27.3110,2.4470,y,f,,248,248,,20L12,,
12/9/21,20,l,34,,47.31,21.32,269a,5.8280,269b,2.3935,18.4540,2.669,34.09,0.82,0.8320,,2.4120,n,,,249,249,,20L13,,
12/9/21,20,l,34,,42.18,22.22,270a,4.2689,270b,2.3893,16.2750,2.517,30.22,0.47,0.6954,,2.3990,y,m,,250,250,,20L14,,
12/11/21,20,l,9,878,58.18,29.24,271a,4.2602,271b,2.3304,24.2390,2.752,52.39,1.20,1.6702,20.7740,2.3800,n,,,251,251,76,20L15,,
12/11/21,20,l,9,848,46.81,21.65,272a,4.2543,272b,2.3457,18.5970,2.570,37.37,0.72,0.9820,16.0400,2.3680,n,,,252,252,85,20L16,,
12/11/21,20,l,9,812,47.25,23.56,273a,5.7969,273b,2.3640,20.2430,2.716,37.65,1.19,1.0120,17.7130,2.3950,y,m,,253,253,83,20L17,,
12/11/21,20,l,9,884,51.22,25.70,274a,6.0002,274b,2.3565,24.0070,2.930,48.05,1.96,1.3980,21.5500,2.4460,y,m,,254,254,93,20L18,,
12/11/21,20,l,9,808,47.93,22.68,275a,4.2862,275b,2.3422,19.8500,2.728,40.80,1.37,0.8770,16.9610,2.3920,y,m,,255,255,88,20L19,,
12/11/21,20,l,9,894,46.56,23.23,276a,5.8404,276b,2.3392,18.8390,2.649,35.81,1.44,0.7212,16.5900,2.4010,y,m,,256,256,80,20L20,,
12/11/21,20,l,9,860,48.27,22.83,277a,4.2589,277b,2.3288,18.1460,2.599,37.17,0.96,0.8280,15.5790,2.3840,y,m,,257,257,,20L21,,
12/11/21,20,l,9,829,52.50,24.94,278a,4.2945,278b,2.3666,,2.903,48.65,1.82,,19.0950,2.4730,y,m,,258,258,,20L22,,
12/11/21,20,l,9,850,47.33,21.00,279a,4.2715,279b,2.3526,18.8120,1.091,38.14,0.99,0.7930,16.1230,2.4000,n,,,259,259,,20L23,,
12/11/21,20,l,9,838,46.77,22.72,280a,4.2548,280b,2.3861,16.8000,2.668,34.45,1.12,0.8770,13.8280,2.4230,y,m,,260,260,,20L24,,
12/11/21,20,l,9,818,56.45,27.82,281a,4.1930,281b,2.3379,25.3330,2.951,57.98,1.72,1.4180,21.7330,2.3980,n,,,261,261,,20L25,,
12/11/21,20,l,9,801,45.21,19.74,282a,4.2566,282b,2.3498,16.0380,2.792,32.47,1.92,0.6700,13.6660,2.4280,y,m,,262,262,,20L26,,
12/11/21,10,h,20,793,46.83,24.42,283a,4.2897,283b,2.3887,17.3810,2.671,37.31,1.24,0.8450,14.6370,2.4290,y,f,,263,263,87,10H01,,
12/11/21,10,h,20,774,51.84,27.63,284a,4.3111,284b,2.3698,23.9700,2.975,57.66,2.16,1.2420,19.5450,2.4770,y,f,,264,264,82,10H02,,
12/11/21,10,h,20,750,48.51,24.41,285a,4.2159,285b,2.3994,18.7240,2.658,40.23,1.14,1.0390,16.0860,2.4410,y,m,,265,265,100,10H03,,
12/11/21,10,h,20,745,52.01,25.45,286a,4.2529,286b,2.3933,22.5620,2.781,51.80,1.35,0.9730,18.5500,2.4520,y,f,,266,266,81,10H04,,
12/11/21,10,h,20,761,50.28,25.14,287a,4.2871,287b,2.3813,20.3800,2.739,46.88,1.39,0.9900,17.2410,2.4270,y,m,,267,267,75,10H05,,
12/11/21,10,h,20,780,51.44,24.35,288a,5.9554,288b,2.3597,22.9200,2.789,45.28,1.44,1.1860,19.7220,2.4190,y,f,,268,268,74,10H06,,
12/11/21,10,h,20,725,53.50,26.50,289a,4.2961,289b,2.3353,24.8810,2.827,57.34,1.92,1.3780,21.4730,2.4370,y,f,,269,269,,10H07,,
12/11/21,20,l,34,150,48.01,23.80,290a,5.8521,290b,2.3824,21.1110,2.652,41.15,0.97,1.0500,18.2620,2.4270,y,f,,270,270,,20L27,,
12/11/21,10,h,20,787,48.93,24.51,291a,4.1992,291b,2.3435,18.4420,2.730,38.19,1.17,0.9840,15.5420,2.3930,t,f,,271,271,,10H08,,
12/11/21,10,h,20,741,53.34,27.14,292a,4.2536,292b,2.3764,23.5600,2.976,54.17,2.11,0.9870,18.9660,2.4550,y,f,,272,272,,10H09,,
12/11/21,10,h,20,730,43.76,20.42,293a,5.9752,293b,2.3554,16.9180,2.635,31.25,1.00,0.6980,14.5450,2.3890,t,m,,273,273,,10H10,,
12/11/21,10,h,20,751,50.75,25.77,294a,4.2115,294b,2.4292,20.5400,2.881,47.88,1.89,0.9580,17.0720,2.5020,y,m,,274,274,,10H11,,
12/11/21,10,h,20,767,41.51,20.19,295a,4.2199,295b,2.3531,15.1040,2.659,30.42,1.24,0.7200,12.8140,2.3970,y,f,,275,275,,10H12,,
12/11/21,10,h,14,746,50.63,25.94,296a,4.3058,296b,2.3949,21.8720,2.829,40.88,1.61,1.0390,18.2000,2.4480,y,f,,276,276,69,10H13,,"*""without 3 gonads"""
12/11/21,10,h,14,747,48.96,26.67,297a,4.2877,297b,2.3661,19.2510,2.701,41.65,1.16,0.9630,16.2840,2.4080,t,f,,277,277,65,10H14,,
12/11/21,10,h,14,742,46.67,26.38,298a,5.8773,298b,2.3663,19.5790,2.729,40.16,1.25,0.9480,16.3870,2.4240,y,f,,278,278,73,10H15,,
12/11/21,10,h,14,770,52.31,25.20,299a,4.3079,299b,2.4045,21.9680,3.023,51.84,2.30,1.2490,,2.5010,y,f,,279,279,1,10H16,,saved for skeletal analysis
12/11/21,10,h,14,786,44.36,21.41,300a,4.2666,300b,2.3900,18.0810,2.690,35.88,1.13,0.8640,15.4810,2.4360,y,m,,280,280,2,10H17,,
12/11/21,10,h,14,708,55.75,28.65,301a,4.3482,301b,2.3579,23.4150,2.731,57.44,1.55,1.3065,19.4750,2.3960,y,m,,281,281,3,10H18,,
12/11/21,10,h,14,731,57.22,26.00,302a,4.2419,302b,2.3862,26.1230,3.024,62.04,2.29,1.4410,22.2210,2.4790,t,m,,282,282,,10H19,,
12/11/21,10,h,14,732,49.17,23.04,303a,4.3056,303b,2.3519,19.4265,2.753,42.14,1.55,1.0600,16.5170,2.4080,y,f,,283,283,,10H20,,
12/11/21,10,h,14,766,47.51,22.79,304a,4.3145,304b,2.3816,17.0340,2.731,38.56,1.28,0.9750,14.2750,2.437,y,f,,284,284,,10H21,,saved for skeletal analysis
12/11/21,10,h,14,790,63.47,29.01,305a,5.8116,305b,2.3564,36.2100,3.021,85.65,3.03,1.9680,30.5610,2.4600,y,m,,285,285,,10H22,,
12/11/21,10,h,14,718,53.84,26.14,306a,5.8154,306b,2.3603,25.6350,2.979,59.05,2.54,1.2880,21.6420,2.4800,y,m,,286,286,,10H23,,
12/11/21,10,h,14,748,64.00,31.92,307a,4.2668,307b,2.3567,35.5290,2.996,88.00,2.62,1.7040,28.7080,2.4700,y,m,,287,287,,10H24,,
12/11/21,10,h,14,720,48.62,25.76,308a,4.4073,308b,2.3541,19.6950,2.805,46.03,1.41,1.1720,,2.4220,n,,,288,288,,10H25,,saved for skeletal analysis
12/11/21,10,h,14,705,53.93,24.67,309a,4.3950,309b,2.3929,21.3370,2.702,46.63,1.46,1.0100,18.6980,2.4600,y,m,,289,289,,10H26,,
12/11/21,10,h,14,792,51.15,26.26,310a,5.8455,310b,2.3962,22.3410,2.846,48.93,1.74,0.9930,19.3100,2.4770,y,f,,290,290,,10H27,,
12/11/21,17,h,35,414,60.59,29.11,311a,5.9818,311b,2.4038,33.2840,3.322,77.47,3.21,1.3110,27.6790,2.5860,y,f,,291,291,6,17H01,,
12/11/21,17,h,35,199,58.19,25.81,312a,4.3998,312b,2.2983,30.5410,2.923,78.76,2.56,1.3860,25.6930,2.4070,y,f,,292,292,7,17H02,,
12/11/21,17,h,35,192,45.46,20.63,313a,4.2672,313b,2.3846,18.7760,2.791,41.10,1.85,0.9780,16.2750,2.4670,y,m,,293,293,8,17H03,,
12/11/21,17,h,35,191,50.94,25.85,314a,5.9745,314b,2.3994,27.1990,3.112,62.96,2.66,1.2500,23.5350,2.5670,y,f,,294,294,4,17H04,,
12/11/21,17,h,35,115,48.44,23.29,315a,4.2790,315b,2.4035,21.2030,2.850,47.65,1.44,1.0750,17.1850,2.4890,t,f,,295,295,5,17H05,,
12/11/21,17,h,35,89,53.03,24.06,316a,4.1872,316b,2.3970,25.9320,2.940,60.24,2.38,1.2410,21.4320,2.5300,y,m,,296,296,9,17H06,,
12/11/21,17,h,35,171,50.04,21.54,317a,4.3158,317b,2.4048,22.6980,2.742,50.34,1.36,1.1930,18.3920,2.4680,y,m,,297,297,,17H07,,
12/11/21,17,h,35,61,46.93,20.13,318a,6.0377,318b,2.3763,23.5140,2.703,44.67,1.49,0.8940,20.3560,2.4220,t,f,,298,298,,17H08,,
12/11/21,17,h,35,129,44.72,20.36,319a,4.4254,319b,2.3795,17.4120,2.687,36.29,1.28,0.8427,15.3480,2.4520,y,m,,299,299,,17H09,,
12/11/21,17,h,35,154,58.69,26.13,320a,4.2310,320b,2.3670,32.6460,3.000,81.10,2.51,1.4800,27.4280,2.4830,y,f,,300,300,,17H10,,
12/11/21,17,h,35,197,48.85,20.73,321a,6.0396,321b,2.4011,25.3700,2.696,53.73,1.15,1.1410,21.7580,2.4640,y,m,,301,301,,17H11,,
12/11/21,17,h,35,148,49.15,22.39,322a,4.2120,322b,2.3619,21.0840,2.953,46.78,1.69,0.8560,17.4980,2.4550,t,m,,302,302,,17H12,,
12/11/21,17,h,35,37,51.83,22.00,323a,4.2117,323b,2.3705,23.7640,2.734,55.58,1.24,1.5050,20.4390,2.4280,t,m,,303,303,,17H13,,
12/11/21,17,h,35,50,47.76,20.20,324a,4.2129,324b,2.3702,20.1260,2.677,44.68,1.43,0.9630,17.4420,2.4330,y,m,,304,304,,17H14,,
12/11/21,17,h,35,174,45.31,19.42,325a,4.2402,325b,2.3807,17.9390,2.775,41.07,1.60,0.9720,15.5940,2.4660,y,m,,305,305,,17H15,,
12/11/21,17,l,40,41,59.66,29.82,326a,4.2841,326b,2.3579,29.2980,3.356,67.49,3.05,1.3910,24.4480,2.5520,y,f,,306,306,10,17L01,,
12/11/21,17,l,40,82,62.61,33.26,327a,4.2001,327b,2.3939,35.2290,3.585,79.52,6.50,2.1750,30.0400,2.5430,y,m,,307,307,11,17L02,,lots of water
12/11/21,17,l,40,55,51.31,26.90,328a,4.2493,328b,2.3407,22.7130,3.031,48.42,2.37,1.2040,19.2330,2.4320,y,f,,308,308,12,17L03,,
12/11/21,17,l,40,77,59.65,29.41,329a,5.9770,329b,2.3600,29.0610,3.301,63.47,3.89,1.4790,24.2450,2.5350,y,f,,309,309,13,17L04,,
12/11/21,17,l,40,59,51.16,23.28,330a,6.0446,330b,2.4008,22.6650,2.916,44.28,2.23,1.0020,19.3470,2.5170,y,f,,310,310,14,17L05,,
12/11/21,17,l,40,46,60.69,35.03,331a,4.2544,331b ,2.3736,30.6540,3.295,70.04,2.64,1.8500,25.2250,2.5170,y,f,,311,311,15,17L06,,
12/11/21,17,l,40,60,54.98,29.70,332a,5.9520,332b,2.3449,27.7750,2.835,56.00,1.89,1.6840,23.7230,2.4390,y,f,,312,312,,17L07,,
12/11/21,17,l,40,90,49.36,29.91,333a,5.9268,333b,2.3664,25.0280,2.888,47.58,1.93,1.2140,21.6760,2.4460,y,m,,313,313,,17L08,,
12/11/21,17,l,40,69,55.94,28.44,334a,4.2744,334b,2.3589,26.1670,3.009,57.55,2.36,1.4650,21.4370,2.4910,y,f,,314,314,,17L09,,
12/11/21,17,l,40,14,63.23,36.03,335a,4.2303,335b,2.3621,32.6890,3.249,78.26,3.37,1.3390,27.0010,2.5200,y,f,,315,315,,17L10,,
12/11/21,17,l,40,91,47.71,22.23,336a,4.2409,336b,2.3613,18.9180,2.807,37.50,1.84,0.8430,16.0420,2.4500,y,f,,316,316,,17L11,,
12/11/21,17,l,40,53,56.88,29.84,337a,4.3337,337b,2.3759,29.1240,,60.90,2.18,1.4540,24.8760,2.4850,y,m,,317,317,,17L12,,
12/11/21,17,l,40,83,64.03,33.06,338a,4.2111,338b,2.3634,32.0960,3.177,78.02,3.01,1.3950,25.5490,2.5050,y,m,,318,318,,17L13,,
12/11/21,17,l,40,39,51.91,24.85,339a,4.2777,339b,2.3638,20.8980,2.766,47.58,1.80,1.1440,17.5210,2.4540,y,m,,319,319,,17L14,,
12/11/21,17,l,40,45,58.24,29.80,340a,5.9605,340b,2.3859,31.0550,2.880,72.27,2.27,1.6310,25.7710,2.5170,y,f,,320,320,,17L15,,
12/11/21,17,h,30,978,50.00,27.92,341a,4.2461,341b,2.3628,19.2500,2.826,42.00,1.60,1.1970,16.2060,2.4620,y,m,,321,321,16,17H16,,
12/11/21,17,h,30,973,48.44,24.66,342a,4.2519,342b,2.3785,18.3800,2.882,36.75,2.15,1.0630,16.2180,2.4940,y,m,,322,322,17,17H17,,
12/11/21,17,h,30,948,50.35,28.64,343a,5.7947,343b,2.3755,23.8020,2.821,47.55,2.09,1.0850,19.6550,2.4660,y,f,,323,323,18,17H18,,
12/11/21,17,h,30,986,49.91,24.58,344a,4.1898,344b,2.4068,19.4490,2.888,37.91,1.43,0.9830,16.5470,2.5080,y,f,,324,324,19,17H19,,
12/11/21,17,h,30,905,62.24,36.68,345a,4.1839,345b,2.4007,34.4900,3.234,75.85,3.98,2.0690,29.5460,2.5690,y,m,,325,325,20,17H20,,
12/11/21,17,h,30,988,54.60,28.47,346a,5.7904,346b,2.3758,25.3920,3.058,53.40,2.66,1.1230,21.3610,2.4980,y,f,,326,326,21,17H21,,
12/11/21,17,h,30,994,51.44,31.36,347a,5.7968,347b,2.3477,26.2830,3.235,54.55,3.61,1.0630,21.3730,2.4810,n,,,327,327,,17H22,,
12/11/21,17,h,30,23,55.28,29.93,348a,4.2354,348b,2.3545,24.9870,2.967,51.40,2.17,1.4550,21.4150,2.4400,n,,,328,328,,17H23,,
12/11/21,17,h,30,54,50.48,29.58,349a,4.2429,349b,2.3665,19.6450,2.818,45.27,2.21,1.0510,16.7370,2.4570,y,m,,329,329,,17H24,,
12/11/21,17,h,30,926,53.36,27.52,350a,4.2580,350b,2.3787,24.8010,3.146,52.91,3.26,1.2050,20.2510,2.5280,y,m,,330,330,,17H25,,
12/11/21,17,h,30,977,54.82,26.87,351a,4.1890,351b,2.3542,25.3770,2.872,53.41,2.81,1.2880,21.7680,2.4550,y,m,,331,331,,17H26,,
12/11/21,17,h,30,908,55.81,28.60,352a,4.1975,352b,2.3948,25.6130,3.037,57.62,2.64,1.3550,21.2660,2.5340,y,f,,332,332,,17H27,,
12/11/21,17,h,30,901,46.57,24.97,353a,5.9541,353b,2.3950,20.5300,2.734,37.04,1.37,0.8320,18.0020,2.4780,y,m,,333,333,,17H28,,
12/11/21,17,h,30,957,46.01,26.12,354a,4.2807,354b,2.3852,19.4410,2.860,39.09,1.91,0.9250,16.6210,2.4600,n,,,334,334,,17H29,,
12/11/21,17,h,30,,53.55,29.82,355a,4.2301,355b,2.3698,25.7130,3.381,60.98,4.11,1.2700,21.3020,2.6280,y,f,,335,335,,17H30,,
12/11/21,17,l,13,723,50.41,25.52,356a,5.9539,356b,2.3929,26.3660,3.215,58.96,3.00,1.2410,22.2180,2.5380,y,m,,336,336,22,17L16,,
12/11/21,17,l,13,783,52.17,22.93,357a,4.2521,357b,2.3868,23.9950,3.218,58.14,2.68,1.1570,19.9320,2.4730,y,m,,337,337,23,17L17,,
12/11/21,17,l,13,771,46.85,18.43,358a,4.2202,358b,2.3637,20.2790,2.657,40.37,0.94,1.0390,17.4130,2.4140,n,,,338,338,24,17L18,,
12/11/21,17,l,13,717,52.72,24.04,359a,6.0257,359b,2.3980,26.5360,3.384,61.50,3.56,1.4080,22.4450,2.5670,y,f,,339,339,25,17L19,,
12/11/21,17,l,13,775,50.70,24.30,360a,4.2409,360b,2.3800,23.2680,2.934,51.43,2.39,1.1480,19.7230,2.4950,y,m,,340,340,26,17L20,,
12/11/21,17,l,13,744,55.21,25.69,361a,5.9275,361b,2.3663,27.4380,2.932,61.26,2.41,1.3660,23.4850,2.4810,y,m,,341,341,27,17L21,,
12/11/21,17,l,13,726,46.67,20.38,362a,5.9165,362b,2.3872,20.7760,2.694,41.16,1.05,0.9990,17.7880,2.4440,y,m,,342,342,,17L22,,
12/11/21,17,l,13,,46.77,21.14,363a,4.2739,363b,2.3724,21.4460,2.815,45.33,1.53,0.9800,18.2180,2.4520,y,f,,343,343,,17L23,,
12/11/21,17,l,13,794,47.81,21.74,364a,4.3120,364b,2.3562,20.9670,2.973,47.14,2.57,1.0260,17.9190,2.5050,y,m,,344,344,,17L24,,
12/11/21,17,l,13,755,45.70,20.05,365a,4.2036,365b,2.3809,17.9810,2.815,40.08,1.50,0.9020,14.8830,2.4250,t,m,,345,345,,17L25,,
12/11/21,17,l,13,758,56.32,25.33,366a,4.2091,366b,2.3740,29.6900,3.309,70.49,3.89,1.3690,24.5800,2.5810,y,f,,346,346,,17L26,,
12/11/21,17,l,13,777,44.37,19.65,367a,4.2188,367b,2.3830,16.3270,2.885,43.87,1.69,0.6363,13.9950,2.4370,n,,,347,347,,17L27,,
12/11/21,17,l,13,724,44.93,19.55,368a,4.1944,368b,2.3620,18.2550,2.544,36.53,1.53,0.8230,15.6850,2.4080,y,f,,348,348,,17L28,,
12/11/21,17,l,13,763,54.11,25.02,369a,5.9390,369b,2.3551,27.5930,3.067,62.68,2.64,1.7380,23.4200,2.4850,y,m,,349,349,,17L29,,
12/11/21,17,l,13,712,42.49,19.72,370a,5.9442,370b,2.3673,18.3340,2.747,34.04,1.55,0.8570,16.0930,2.4370,y,m,,350,350,,17L30,,
12/10/21,16,h,36,74,54.28,24.48,371a,4.1905,371b,2.3619,24.7070,2.891,63.59,3.10,1.5410,20.8820,2.4770,y,m,,351,351,28,16H01,,
12/10/21,16,h,36,88,45.85,21.05,372a,5.8347,372b,2.3786,20.5550,2.709,38.63,1.85,0.8330,17.8590,2.4900,y,f,,352,352,29,16H02,,
12/10/21,16,h,36,80,61.29,26.86,373a,5.9635,373b,2.3698,35.2410,3.296,81.53,4.05,1.6200,,2.4790,y,f,,353,353,30,16H03,,
12/10/21,16,h,36,94,52.05,23.57,374a,4.3121,374b,2.3630,22.9430,3.088,51.57,2.66,1.1410,19.0810,2.4060,t,m,,354,354,31,16H04,,
12/10/21,16,h,36,11,55.06,22.64,375a,4.3278,375b,2.6630,24.7241,2.969,60.68,2.84,1.4860,21.0400,2.4610,y,m,,355,355,32,16H05,,
12/10/21,16,h,36,0,40.25,17.89,376a,5.8495,376b,2.3899,19.7230,2.697,36.91,0.94,0.8200,29.3070,2.4440,y,f,,356,356,33,16H06,,
12/10/21,16,h,36,15,58.75,28.67,377a,4.3155,377b,2.3563,33.2050,3.244,76.93,3.29,1.3370,28.0070,2.4630,t,f,,357,357,,16H07,,
12/10/21,16,h,36,28,49.14,21.50,378a,4.2845,378b,2.4019,23.1860,2.782,47.91,1.69,1.3510,20.1150,2.4620,y,m,,358,358,,16H08,,
12/10/21,16,h,36,65,49.47,22.90,379a,5.7777,379b,2.3588,22.4420,2.797,51.10,2.23,1.2310,,2.4530,y,m,,359,359,,16H09,,saved for skeletal analysis
12/10/21,16,h,36,22,48.39,21.44,380a,4.2534,380b,2.4075,19.1190,2.829,41.67,2.00,1.1480,16.2800,2.4510,n,,,360,360,,16H10,,
12/10/21,16,h,36,4,43.56,19.67,381a,4.2483,381b,2.3974,17.2820,2.891,35.92,2.01,0.8090,,2.4770,y,f,,361,361,,16H11,,saved for skeletal analysis
12/10/21,16,h,36,40,60.44,27.03,382a,5.9797,382b,2.3920,36.6500,3.300,79.19,3.01,1.8360,30.6480,2.4610,n,,,362,362,,16H12,,
12/10/21,16,h,36,44,51.15,21.19,383a,4.3310,383b,2.4076,21.5960,3.007,49.79,2.28,1.1920,18.1170,2.5290,y,f,,363,363,,16H13,,
12/10/21,16,h,36,84,56.82,24.33,384a,4.2321,384b,2.3899,28.6100,3.068,69.81,2.79,1.4730,23.7010,2.5500,y,m,,364,364,,16H14,,
12/10/21,16,h,21,945,55.20,23.59,385a,4.2130,385b,2.4013,25.0440,3.000,59.27,2.50,1.2940,21.2610,2.4870,y,m,,365,365,,16H15,,
12/10/21,16,h,21,997,56.14,23.80,386a,4.3516,386b,2.3609,28.9490,2.948,66.45,2.15,1.3960,23.7450,2.4420,n,,,366,366,34,16H16,,
12/10/21,16,h,21,987,51.16,20.31,387a,4.2091,387b,2.4015,22.2300,2.872,47.81,1.99,1.1250,,2.5230,y,m,,367,367,35,16H17,,saved for skeletal analysis
12/10/21,16,h,21,930,47.28,22.71,388a,4.3307,388b,2.3705,20.9610,2.897,45.36,2.00,1.1550,17.9960,2.4520,y,m,,368,368,36,16H18,,
12/10/21,16,h,21,935,52.17,23.15,389a,4.3143,389b,2.3715,25.6420,2.855,60.47,2.66,1.5140,21.7230,2.4710,y,m,,369,369,37+38,16H19,,
12/10/21,16,h,21,950,42.70,16.72,390a,4.2967,390b,2.3683,16.9230,2.856,34.22,1.73,0.7400,,2.4480,y,f,,370,370,39,16H20,,saved for skeletal analysis
12/10/21,16,h,21,760,46.03,21.63,391a,4.2517,391b,2.3753,21.6020,2.822,45.04,1.55,1.0750,18.5920,2.4210,t,f,,371,371,40,16H21,,
12/10/21,16,h,21,966,53.01,23.41,392a,4.3450,392b,2.3747,23.9290,3.061,54.94,2.70,1.2210,19.9090,2.4860,y,f,,372,372,,16H22,,
12/10/21,16,h,21,990,46.00,20.63,393a,4.2903,393b,2.3784,20.7060,2.901,46.01,2.65,0.7620,17.9510,2.4770,y,m,,373,373,,16H23,,
12/10/21,16,h,21,919,49.94,25.07,394a,4.3348,394b,2.3764,23.4370,3.245,54.04,3.25,1.3100,19.5010,2.4940,y,f,,374,374,,16H24,,
12/10/21,16,h,21,403,48.07,27.10,395a,4.3210,395b,2.3663,22.1310,2.892,47.77,1.81,1.1970,,2.4310,y,f,,375,375,,16H25,,saved for skeletal analysis
12/10/21,16,h,21,992,46.50,19.93,396a,4.2732,396b,2.3730,18.4950,2.662,35.71,1.19,0.9580,16.1390,2.4550,t,f,,376,376,,16H26,,
12/10/21,16,h,21,791,46.44,19.99,397a,4.1880,397b,2.3681,18.2570,2.723,39.13,1.49,0.9600,15.4650,2.4210,y,m,,377,377,,16H27,,
12/10/21,16,h,21,991,51.99,22.17,398a,4.3005,398b,2.3297,26.0150,3.156,60.86,3.09,1.2760,21.3950,2.4910,y,f,,378,378,,16H28,,
12/10/21,16,h,21,980,56.30,24.94,399a,4.3286,399b,2.3781,30.9990,3.494,77.04,4.05,1.4260,25.0820,2.5280,y,f,,379,379,,16H29,,
12/10/21,16,h,36,85,53.22,25.98,400a,4.3330,400b,2.4008,24.1380,2.795,53.70,2.02,1.2240,20.4210,2.4550,y,m,,380,380,,16H30,,
12/10/21,10,l,38,401,45.60,20.37,401a,4.3144,401b,2.3740,18.7510,2.616,39.71,1.16,1.2580,16.2660,2.4340,t,f,,381,381,GN101,10L01,,
12/10/21,10,l,38,488,40.62,19.41,402a,4.3222,402b,2.3501,16.1530,2.620,32.51,1.15,0.8520,14.2590,2.3970,y,m,,382,382,GN102,10L02,,
12/10/21,10,l,38,853,62.87,30.09,403a,4.3549,403b,2.3587,34.3420,2.943,77.85,2.97,1.5340,28.9770,2.4750,t,m,,383,383,GN103,10L03,,
12/10/21,10,l,38,779,55.68,28.08,405a,4.3212,405b,2.2652,29.2650,2.949,69.07,3.01,1.7130,24.4060,2.3680,y,m,,384,384,GN104,10L04,,
12/10/21,10,l,38,486,43.01,19.82,404a,4.2488,404b,2.3493,17.2290,2.658,34.59,1.41,0.7030,14.7980,2.4540,t,m,,385,385,GN105,10L05,,
12/10/21,10,l,38,873,48.83,25.98,406a,4.2738,406b,2.3327,22.8060,2.859,51.40,2.19,1.7510,19.0320,2.3760,t,f,,386,386,GN106,10L06,,
12/10/21,10,l,38,405,45.55,21.01,407a,4.3204,407b,2.3506,16.7540,2.665,36.70,1.46,0.9680,,2.4110,y,m,,387,387,,10L07,,saved for skeletal analysis
12/10/21,10,l,38,438,45.90,23.24,408a,4.3071,408b,2.3327,20.0100,2.646,42.29,1.28,1.0130,16.8430,2.3690,y,f,,388,388,,10L08,,
12/10/21,10,l,38,481,44.93,19.43,409a,4.3427,409b,2.3884,17.2550,2.715,35.42,1.87,0.7380,14.8540,2.4870,y,m,,389,389,,10L09,,
12/10/21,10,l,38,498,44.62,21.28,410a,4.2808,410b,2.3371,18.1750,2.628,36.00,1.49,0.9220,15.4290,2.3880,y,m,,390,390,,10L10,,
12/10/21,10,l,38,489,45.78,19.31,411a,4.3534,411b,2.3882,18.4670,2.791,37.89,1.81,1.1170,15.8290,2.4590,y,m,,391,391,,10L11,,
12/10/21,10,l,38,496,59.06,26.72,412a,4.2458,412b,2.3745,30.2740,3.261,76.12,3.87,1.5610,25.0790,2.5250,y,m,,392,392,,10L12,,
12/10/21,10,l,38,466,49.78,25.39,413a,4.3260,413b,2.3484,22.5570,2.894,51.84,2.70,1.1730,18.9040,2.4490,y,m,,393,393,,10L13,,
12/10/21,10,l,38,711,54.22,26.08,414a,4.3365,414b,2.3899,29.4720,2.765,67.41,2.04,1.8570,25.1740,2.4650,y,m,,394,394,,10L14,,
12/10/21,10,l,38,455,44.49,18.76,415a,4.2976,415b,2.3312,17.4660,2.606,36.58,0.93,0.8620,,2.3710,n,,,395,395,,10L15,,saved for skeletal analysis
12/10/21,10,l,38,422,45.72,20.00,416a,4.1731,416b,2.3432,18.4130,2.727,41.86,1.57,1.0160,15.4670,2.3880,y,f,,396,397,,10L16,,
12/10/21,10,l,38,768,56.67,22.91,417a,4.1984,417b,2.3696,26.0590,2.722,63.18,1.52,1.1860,21.2940,2.4140,n,,,397,396,,10L17,,
12/10/21,10,l,38,819,46.90,20.44,418a,4.2178,418b,2.3809,19.1770,2.822,45.52,1.90,1.0400,,2.4410,n,,,398,398,,10L18,,saved for skeletal analysis
12/10/21,10,l,7,854,51.82,27.46,419a,4.2750,419b,2.3638,26.9020,2.959,62.93,2.72,1.7050,22.0390,2.4340,t,m,,399,399,GN107,10L19,,
12/10/21,10,l,7,824,47.53,24.10,420a,4.2278,420b,2.3539,20.8140,2.801,44.78,2.32,0.9930,17.4020,2.4520,y,m,,400,400,GN108,10L20,,
12/10/21,10,l,7,832,51.93,21.60,421a,4.3639,421b,2.3248,22.8700,2.788,50.45,1.83,0.9920,19.0340,2.4230,t,m,,401,401,GN109,10L21,,
12/10/21,10,l,7,835,47.44,21.06,422a,4.1737,422b,2.3892,18.7290,2.824,40.97,2.46,0.8130,15.7990,2.4550,y,m,,402,402,GN110,10L22,,
12/10/21,10,l,7,863,48.71,20.59,423a,4.2837,423b,2.3772,19.9570,2.565,41.64,0.72,1.1150,17.0000,2.3930,n,,,403,403,GN111,10L23,,
12/10/21,10,l,7,839,48.50,21.34,424a,4.2987,424b,2.3650,20.3570,2.666,47.18,1.95,0.8920,17.4340,2.4400,t,m,,404,404,GN112,10L25,,
12/10/21,10,l,7,872,44.91,21.90,425a,4.3290,425b,2.3724,17.7120,2.643,37.96,1.07,0.8040,,2.4150,t,m,,405,405,,10L24,,saved for skeletal analysis
12/10/21,10,l,7,831,45.32,19.25,426a,4.2370,426b,2.3525,18.0060,2.726,39.37,1.68,0.7640,14.9970,2.4260,y,m,,406,406,,10L26,,
12/10/21,10,l,7,857,49.92,22.41,427a,4.1985,427b,2.3683,22.4780,2.803,49.93,1.54,1.2290,19.2220,2.4460,y,f,,407,407,,10L27,,
12/10/21,10,l,7,868,48.09,24.04,428a,4.2140,428b,2.3464,21.1130,2.876,48.83,2.43,1.4770,,2.4020,y,f,,408,408,,10L28,,saved for skeletal analysis
12/10/21,10,l,7,898,44.27,21.10,429a,5.9964,429b,2.3329,20.4870,2.733,39.92,1.85,0.8430,17.2520,2.4170,y,f,,409,409,,10L29,,
12/10/21,10,l,7,803,41.08,20.09,430a,4.2477,430b,2.3999,15.2750,2.565,28.90,0.66,0.7510,,2.4350,t,f,,410,410,,10L30,,saved for skeletal analysis
12/10/21,10,l,7,887,53.61,25.18,431a,4.3478,431b,2.3958,25.4910,2.977,60.11,2.39,1.0470,21.0230,2.4550,y,f,,411,411,,10L31,,
12/10/21,10,l,7,828,52.01,26.41,432a,6.0205,432b,2.3861,26.3020,2.969,52.22,2.30,1.3920,22.4340,2.4760,y,f,,412,412,,10L32,,
12/10/21,10,l,7,862,56.01,26.75,433a,4.2841,433b,2.3511,28.2360,3.084,72.06,4.17,1.2040,23.4190,2.4700,y,m,,413,413,,10L33,,
12/11/21,16,l,32,79,49.05,29.99,434a,4.2572,434b,2.3411,21.6270,2.947,49.13,2.28,1.0270,17.6450,2.4650,y,f,,414,414,GN113,16L01,,
12/11/21,16,l,32,31,55.81,24.26,435a,4.2817,435b,2.3796,27.0690,3.124,64.02,2.87,1.4500,22.4660,2.5500,y,f,,415,415,GN114,16L02,,
12/11/21,16,l,32,27,51.44,23.13,436a,4.2570,436b,2.3493,22.1390,2.652,49.26,2.18,1.3870,18.8440,2.4410,y,m,,416,416,GN115,16L03,,
12/11/21,16,l,32,95,57.04,24.28,437a,4.2400,437b,2.4100,29.1590,3.171,70.86,3.63,1.1630,24.2150,2.5350,y,f,,417,417,GN116,16L04,,
12/11/21,16,l,32,38,47.30,26.56,438a,5.9034,438b,2.4098,23.6300,2.940,47.56,1.75,1.1440,20.3000,2.5000,y,f,,418,418,GN117,16L05,,
12/11/21,16,l,32,73,50.11,26.04,439a,4.1811,439b,2.3397,24.0070,2.878,53.79,2.99,1.3350,20.3450,2.4160,y,m,,419,419,GN118,16L06,,
12/11/21,16,l,32,48,49.27,22.98,440a,5.7608,440b,2.3710,22.2160,2.723,49.92,2.06,0.9510,19.2010,,y,m,,420,420,,16L07,,
12/11/21,16,l,32,20,43.08,20.01,441a,4.3053,441b,2.3436,17.1680,2.656,33.51,1.25,0.9000,14.9760,2.3900,y,m,,421,421,,16L08,,
12/11/21,16,l,32,2,50.12,23.29,442a,4.3166,442b,2.3634,21.9940,2.708,59.61,0.41,1.0270,18.7960,2.4260,y,m,,422,422,,16L09,,
12/11/21,16,l,32,17,48.11,23.47,443a,4.2702,443b,2.3544,19.5630,2.719,41.42,1.34,1.0490,17.0340,,y,f,,423,423,,16L10,,
12/11/21,16,l,32,47,53.64,23.81,444a,5.9752,444b,2.3334,26.5610,2.894,53.42,2.04,1.4160,,2.4350,y,f,,424,424,,16L11,,saved for skeletal analysis
12/11/21,16,l,32,43,49.70,20.62,445a,4.3056,445b,2.3373,19.6520,2.929,44.76,2.45,1.1460,,2.4310,y,f,,425,425,,16L12,,saved for skeletal analysis
12/11/21,16,l,32,67,55.00,26.34,446a,5.9179,446b,2.3371,27.4170,2.969,58.38,2.87,1.1370,23.4900,2.4710,y,m,,426,426,,16L13,,
12/11/21,16,l,32,32,59.15,27.52,447a,4.3127,447b,2.3399,30.8360,3.001,71.85,2.86,1.3290,26.0870,2.3960,y,f,,427,427,,16L14,,
12/11/21,16,l,32,66,51.46,25.26,448a,4.3413,448b,2.3358,22.1160,2.870,50.20,2.11,1.3420,,2.4760,y,m,,428,428,,16L15,,saved for skeletal analysis
12/11/21,16,l,29,13,60.36,27.32,449a,4.2435,449b,2.3196,34.7440,3.126,82.68,2.93,1.6710,28.8350,2.4270,y,f,,429,429,GN119,16L16,,
12/11/21,16,l,29,3,55.26,24.43,450a,6.0097,450b,2.3303,25.4930,2.961,56.12,2.37,1.7190,,2.4200,y,m,,430,430,GN120,16L17,,saved for skeletal analysis
12/11/21,16,l,29,78,49.48,22.75,451a,5.9731,451b,2.3792,21.5710,2.937,42.30,1.71,0.9720,18.3050,2.4420,t,f,,431,431,GN121,16L18,,
12/11/21,16,l,29,24,46.89,20.96,452a,4.2544,452b,2.3260,19.8140,2.840,41.86,1.85,0.9170,16.8620,2.3860,y,f,,432,432,GN122,16L19,,
12/11/21,16,l,29,8,57.19,26.05,453a,4.2577,453b,2.3774,28.5290,3.187,68.58,2.92,1.3710,,2.4640,y,f,,433,433,GN123,16L20,,saved for skeletal analysis
12/11/21,16,l,29,49,49.72,23.05,454a,4.2504,454b,2.3385,20.7620,2.910,49.08,2.33,1.1540,17.6690,2.4690,y,f,,434,434,GN124,16L21,,
12/11/21,16,l,29,76,43.84,20.30,455a,4.2431,455b,2.3437,17.2940,2.617,37.05,0.99,0.8700,14.5080,2.3740,y,m,,435,435,,16L22,,
12/11/21,16,l,29,71,55.56,24.99,456a,6.0486,456b,2.3841,26.8450,2.878,58.84,2.04,1.3180,,2.4550,y,f,,436,436,,16L23,,saved for skeletal analysis
12/11/21,16,l,29,57,52.96,25.06,457a,4.2990,457b,2.3600,25.1030,2.982,58.87,2.57,1.2820,21.2620,2.4520,y,m,,437,437,,16L24,,
12/11/21,16,l,29,70,54.13,26.72,458a,4.2801,458b,2.3897,27.1280,3.212,64.71,2.53,1.2610,22.2410,2.4840,y,f,,438,438,,16L25,,
12/11/21,16,l,29,26,51.23,25.27,459a,4.2963,459b,2.3791,24.5100,2.880,57.51,2.28,1.3715,20.9570,2.4750,y,m,,439,439,,16L26,,
12/11/21,16,l,29,51,46.10,20.90,460a,4.2433,460b,2.3829,19.2050,2.798,41.78,1.42,1.1040,16.2230,2.4480,y,f,,440,440,,16L27,,
12/11/21,13,h,28,457,44.50,21.43,461a,4.3256,461b,2.3678,17.9880,2.749,37.22,2.29,0.8730,15.6050,2.4420,y,m,,464,464,GN136,13H21,,
12/11/21,16,l,29,35,51.12,23.78,203a,6.3038,203b,2.3746,25.6850,3.158,54.83,2.79,1.2790,21.6930,2.5040,y,f,,441,441,,16L28,,
12/11/21,16,l,29,18,49.29,20.42,204a,6.4037,204b,2.3740,23.2400,2.814,45.71,1.38,0.9750,19.7540,2.4550,n,,,442,442,,16L29,,
12/11/21,16,l,29,,53.88,23.80,205a,6.3733,205b,2.3945,25.7320,3.030,57.29,2.48,1.3250,21.9340,2.5150,y,f,,443,443,,16L30,,
12/11/21,13,h,22,927,56.11,24.87,210a,6.3504,210b,2.3796,28.1500,2.927,62.22,1.95,1.3200,23.8070,2.4270,y,f,,444,444,GN125,13H01,,
12/11/21,13,h,22,946,56.37,25.62,211a,6.3428,211b,2.3722,32.8170,3.350,72.69,2.97,1.8780,26.9230,2.4830,y,f,,445,445,GN126,13H02,,
12/11/21,13,h,22,923,49.54,27.60,212a,6.3174,212b,2.3634,24.6700,3.067,50.20,2.50,1.3070,21.2430,2.4310,y,f,,446,446,GN127,13H03,,
12/11/21,13,h,22,976,55.74,27.55,213a,6.3636,213b,2.3557,31.8800,3.126,70.94,2.67,1.7880,27.1120,2.4320,y,f,,447,447,GN128,13H04,,
12/11/21,13,h,22,928,47.66,20.88,214a,6.3192,214b,2.3454,22.3060,2.776,43.52,1.19,1.0920,19.5240,2.4450,y,f,,448,448,GN129,13H05,,
12/11/21,13,h,22,940,47.22,22.24,215a,6.2323,215b,2.3397,21.0630,2.792,43.57,2.03,1.1200,18.1590,2.4170,y,m,,449,449,GN130,13H06,,
12/11/21,13,h,22,965,45.49,19.15,216a,6.3290,216b,2.3370,16.6330,2.737,36.90,1.53,0.8040,17.0240,2.4080,y,m,,450,450,,13H07,,
12/11/21,13,h,22,982,45.31,22.03,217a,6.3723,217b,2.3638,24.0690,2.722,44.75,2.11,0.8470,20.6260,2.4040,y,f,,451,451,,13H08,,
12/11/21,13,h,22,907,54.29,23.24,218a,6.3483,218b,2.3512,22.7190,2.765,44.02,1.55,1.3270,19.2800,2.4280,y,f,,452,452,,13H09,,
12/11/21,13,h,22,920,57.38,27.55,219a,6.3720,219b,2.3332,33.0070,3.121,75.74,3.18,1.8560,27.9460,2.4780,y,f,,453,453,,13H10,,
12/11/21,13,h,22,939,46.53,22.12,220a,6.4036,220b,2.3317,20.2200,2.777,41.69,1.33,1.0422,17.5220,,y,f,,454,454,,13H11,,
12/11/21,13,h,22,933,44.99,21.18,221a,6.4420,221b,2.3670,20.5880,2.805,39.26,1.67,0.8860,17.1850,2.4200,y,f,,455,455,,13H12,,
12/11/21,13,h,22,916,43.37,18.84,222a,6.3107,222b,2.3674,18.8510,2.644,35.88,1.33,0.8330,16.1830,2.4420,y,f,,456,456,,13H13,,
12/11/21,13,h,22,961,45.43,19.71,223a,6.3883,223b,2.3649,21.5440,2.780,40.59,2.13,1.1100,18.6380,2.4750,y,f,,457,457,,13H14,,
12/11/21,13,h,22,,48.94,21.78,224a,6.3557,224b,2.3672,22.7030,2.857,43.64,2.33,0.9870,19.2080,2.4300,y,f,,458,458,,13H15,,
12/11/21,13,h,28,434,54.61,23.67,225a,6.3465,225b,2.3639,25.4220,3.052,51.73,2.99,1.1240,21.7050,2.4850,y,f,,459,459,GN131,13H16,,
12/11/21,13,h,28,448,58.91,26.60,226a,6.3753,226b,2.3652,33.4520,3.508,80.31,4.45,1.8190,28.3660,2.6330,y,f,,460,460,GN132,13H17,,
12/11/21,13,h,28,418,47.99,20.82,227a,6.3588,227b,2.3654,22.2500,2.749,46.29,2.02,0.8550,18.7800,2.4170,y,f,,461,461,GN133,13H18,,
12/11/21,13,h,28,400,51.76,25.27,228a,6.3609,228b,2.3723,25.9690,3.070,59.43,2.85,1.3040,22.0330,2.4910,y,m,,462,462,GN134,13H19,,
12/11/21,13,h,28,471,49.40,23.41,229a,6.3980,229b,2.3249,24.0840,3.117,51.84,3.30,1.2520,20.5880,2.4470,y,m,,463,463,GN135,13H20,,
12/11/21,13,h,28,451,46.18,20.40,462a,4.2746,462b,2.3754,18.0740,2.922,41.23,2.52,0.9180,15.7790,2.4770,y,f,,465,465,,13H22,,
12/11/21,13,h,28,468,53.31,24.10,463a,4.3261,463b,2.3804,22.7180,2.908,56.29,2.31,1.2370,18.7330,2.4740,y,f,,466,466,,13H23,,
12/11/21,13,h,28,441,51.91,21.13,464a,4.3397,464b,2.3734,21.6060,2.863,52.11,3.42,1.0770,17.7480,2.4520,y,m,,467,467,,13H24,,
12/11/21,13,h,28,456,44.22,19.30,465a,4.3270,465b,2.3698,15.6200,2.708,33.70,1.40,0.8660,13.3230,2.4150,y,m,,468,468,,13H25,,
12/11/21,13,h,28,421,47.17,24.43,466a,4.2068,466b,2.3358,20.9260,2.851,49.78,1.95,1.1970,17.8250,2.4370,y,f,,469,469,,13H26,,
12/11/21,13,h,28,459,21.23,21.32,467a,5.7479,467b,2.3358,21.7010,2.849,41.01,1.43,1.1690,18.5500,2.3670,n,,,470,470,,13H27,,
12/11/21,13,h,28,432,46.81,20.21,468a,5.9373,468b,2.3449,21.7930,2.883,44.16,2.14,0.9550,18.7050,2.4080,t,f,,472,472,,13H28,,
12/11/21,13,h,28,,51.17,22.91,469a,4.2028,469b,2.3245,24.0400,2.829,56.28,1.82,0.9920,19.8080,2.3820,y,f,,471,471,,13H29,,
12/11/21,13,h,28,,48.62,21.96,470a,4.2004,470b,2.3019,21.5650,2.855,47.52,2.46,0.8837,17.9050,2.3750,y,f,,473,473,,13H30,,
,,,,,,,,,,,,,,,,,,,,,,,,,,
,,,,,,,,,,,,,,,,,,,,,,,,,,
,,,,,,,,,,,,,,,,,,,,,,,,,,
,,,,,,,,,,,,,,,,,,,,,,,,,,
,,,,,,,,,,,,,,,,,,,,,,,,,,
,,,,,,,,,,,,,,,,,,,,,,,,,,
,,,,,,,,,,,,,,,,,,,,,,,,,,
,,,,,,,,,,,,,,,,,,,,,,,,,,
,,,,,,,,,,,,,,,,,,,,,,,,,,
,,,,,,,,,,,,,,,,,,,,,,,,,,
,,,,,,,,,,,,,,,,,,,,,,,,,,
,,,,,,,,,,,,,,,,,,,,,,,,,,
,,,,,,,,,,,,,,,,,,,,,,,,,,
,,,,,,,,,,,,,,,,,,,,,,,,,,
,,,,,,,,,,,,,,,,,,,,,,,,,,
,,,,,,,,,,,,,,,,,,,,,,,,,,
,,,,,,,,,,,,,,,,,,,,,,,,,,
,,,,,,,,,,,,,,,,,,,,,,,,,,
,,,,,,,,,,,,,,,,,,,,,,,,,,
,,,,,,,,,,,,,,,,,,,,,,,,,,
,,,,,,,,,,,,,,,,,,,,,,,,,,
,,,,,,,,,,,,,,,,,,,,,,,,,,
,,,,,,,,,,,,,,,,,,,,,,,,,,
,,,,,,,,,,,,,,,,,,,,,,,,,,
,,,,,,,,,,,,,,,,,,,,,,,,,,
,,,,,,,,,,,,,,,,,,,,,,,,,,
,,,,,,,,,,,,,,,,,,,,,,,,,,
,,,,,,,,,,,,,,,,,,,,,,,,,,
,,,,,,,,,,,,,,,,,,,,,,,,,,
,,,,,,,,,,,,,,,,,,,,,,,,,,
,,,,,,,,,,,,,,,,,,,,,,,,,,
,,,,,,,,,,,,,,,,,,,,,,,,,,
,,,,,,,,,,,,,,,,,,,,,,,,,,
,,,,,,,,,,,,,,,,,,,,,,,,,,
,,,,,,,,,,,,,,,,,,,,,,,,,,
,,,,,,,,,,,,,,,,,,,,,,,,,,
,,,,,,,,,,,,,,,,,,,,,,,,,,
,,,,,,,,,,,,,,,,,,,,,,,,,,
,,,,,,,,,,,,,,,,,,,,,,,,,,
,,,,,,,,,,,,,,,,,,,,,,,,,,
,,,,,,,,,,,,,,,,,,,,,,,,,,
,,,,,,,,,,,,,,,,,,,,,,,,,,
,,,,,,,,,,,,,,,,,,,,,,,,,,
,,,,,,,,,,,,,,,,,,,,,,,,,,
,,,,,,,,,,,,,,,,,,,,,,,,,,
,,,,,,,,,,,,,,,,,,,,,,,,,,
,,,,,,,,,,,,,,,,,,,,,,,,,,
,,,,,,,,,,,,,,,,,,,,,,,,,,
,,,,,,,,,,,,,,,,,,,,,,,,,,
,,,,,,,,,,,,,,,,,,,,,,,,,,
,,,,,,,,,,,,,,,,,,,,,,,,,,
,,,,,,,,,,,,,,,,,,,,,,,,,,
,,,,,,,,,,,,,,,,,,,,,,,,,,
,,,,,,,,,,,,,,,,,,,,,,,,,,
,,,,,,,,,,,,,,,,,,,,,,,,,,
,,,,,,,,,,,,,,,,,,,,,,,,,,
,,,,,,,,,,,,,,,,,,,,,,,,,,
,,,,,,,,,,,,,,,,,,,,,,,,,,
,,,,,,,,,,,,,,,,,,,,,,,,,,
,,,,,,,,,,,,,,,,,,,,,,,,,,
,,,,,,,,,,,,,,,,,,,,,,,,,,
,,,,,,,,,,,,,,,,,,,,,,,,,,
,,,,,,,,,,,,,,,,,,,,,,,,,,
,,,,,,,,,,,,,,,,,,,,,,,,,,
,,,,,,,,,,,,,,,,,,,,,,,,,,
,,,,,,,,,,,,,,,,,,,,,,,,,,
,,,,,,,,,,,,,,,,,,,,,,,,,,
,,,,,,,,,,,,,,,,,,,,,,,,,,
,,,,,,,,,,,,,,,,,,,,,,,,,,
,,,,,,,,,,,,,,,,,,,,,,,,,,
,,,,,,,,,,,,,,,,,,,,,,,,,,
,,,,,,,,,,,,,,,,,,,,,,,,,,
,,,,,,,,,,,,,,,,,,,,,,,,,,
,,,,,,,,,,,,,,,,,,,,,,,,,,
,,,,,,,,,,,,,,,,,,,,,,,,,,
,,,,,,,,,,,,,,,,,,,,,,,,,,
,,,,,,,,,,,,,,,,,,,,,,,,,,
,,,,,,,,,,,,,,,,,,,,,,,,,,
,,,,,,,,,,,,,,,,,,,,,,,,,,
,,,,,,,,,,,,,,,,,,,,,,,,,,
,,,,,,,,,,,,,,,,,,,,,,,,,,
,,,,,,,,,,,,,,,,,,,,,,,,,,
,,,,,,,,,,,,,,,,,,,,,,,,,,
,,,,,,,,,,,,,,,,,,,,,,,,,,
,,,,,,,,,,,,,,,,,,,,,,,,,,
,,,,,,,,,,,,,,,,,,,,,,,,,,
,,,,,,,,,,,,,,,,,,,,,,,,,,
,,,,,,,,,,,,,,,,,,,,,,,,,,
,,,,,,,,,,,,,,,,,,,,,,,,,,
,,,,,,,,,,,,,,,,,,,,,,,,,,
,,,,,,,,,,,,,,,,,,,,,,,,,,
,,,,,,,,,,,,,,,,,,,,,,,,,,
,,,,,,,,,,,,,,,,,,,,,,,,,,
,,,,,,,,,,,,,,,,,,,,,,,,,,
,,,,,,,,,,,,,,,,,,,,,,,,,,
,,,,,,,,,,,,,,,,,,,,,,,,,,
,,,,,,,,,,,,,,,,,,,,,,,,,,
,,,,,,,,,,,,,,,,,,,,,,,,,,
,,,,,,,,,,,,,,,,,,,,,,,,,,
,,,,,,,,,,,,,,,,,,,,,,,,,,
,,,,,,,,,,,,,,,,,,,,,,,,,,
,,,,,,,,,,,,,,,,,,,,,,,,,,
,,,,,,,,,,,,,,,,,,,,,,,,,,
,,,,,,,,,,,,,,,,,,,,,,,,,,
,,,,,,,,,,,,,,,,,,,,,,,,,,
,,,,,,,,,,,,,,,,,,,,,,,,,,
,,,,,,,,,,,,,,,,,,,,,,,,,,
,,,,,,,,,,,,,,,,,,,,,,,,,,
,,,,,,,,,,,,,,,,,,,,,,,,,,
,,,,,,,,,,,,,,,,,,,,,,,,,,
,,,,,,,,,,,,,,,,,,,,,,,,,,
,,,,,,,,,,,,,,,,,,,,,,,,,,
,,,,,,,,,,,,,,,,,,,,,,,,,,
,,,,,,,,,,,,,,,,,,,,,,,,,,
,,,,,,,,,,,,,,,,,,,,,,,,,,
,,,,,,,,,,,,,,,,,,,,,,,,,,
,,,,,,,,,,,,,,,,,,,,,,,,,,
,,,,,,,,,,,,,,,,,,,,,,,,,,
,,,,,,,,,,,,,,,,,,,,,,,,,,
,,,,,,,,,,,,,,,,,,,,,,,,,,
,,,,,,,,,,,,,,,,,,,,,,,,,,
,,,,,,,,,,,,,,,,,,,,,,,,,,
,,,,,,,,,,,,,,,,,,,,,,,,,,
,,,,,,,,,,,,,,,,,,,,,,,,,,
,,,,,,,,,,,,,,,,,,,,,,,,,,
,,,,,,,,,,,,,,,,,,,,,,,,,,
,,,,,,,,,,,,,,,,,,,,,,,,,,
,,,,,,,,,,,,,,,,,,,,,,,,,,
,,,,,,,,,,,,,,,,,,,,,,,,,,
,,,,,,,,,,,,,,,,,,,,,,,,,,
,,,,,,,,,,,,,,,,,,,,,,,,,,
,,,,,,,,,,,,,,,,,,,,,,,,,,
,,,,,,,,,,,,,,,,,,,,,,,,,,
,,,,,,,,,,,,,,,,,,,,,,,,,,
,,,,,,,,,,,,,,,,,,,,,,,,,,
,,,,,,,,,,,,,,,,,,,,,,,,,,
,,,,,,,,,,,,,,,,,,,,,,,,,,
,,,,,,,,,,,,,,,,,,,,,,,,,,
,,,,,,,,,,,,,,,,,,,,,,,,,,
,,,,,,,,,,,,,,,,,,,,,,,,,,
,,,,,,,,,,,,,,,,,,,,,,,,,,
,,,,,,,,,,,,,,,,,,,,,,,,,,
,,,,,,,,,,,,,,,,,,,,,,,,,,
,,,,,,,,,,,,,,,,,,,,,,,,,,
,,,,,,,,,,,,,,,,,,,,,,,,,,
,,,,,,,,,,,,,,,,,,,,,,,,,,
,,,,,,,,,,,,,,,,,,,,,,,,,,
,,,,,,,,,,,,,,,,,,,,,,,,,,
,,,,,,,,,,,,,,,,,,,,,,,,,,
,,,,,,,,,,,,,,,,,,,,,,,,,,
,,,,,,,,,,,,,,,,,,,,,,,,,,
,,,,,,,,,,,,,,,,,,,,,,,,,,
,,,,,,,,,,,,,,,,,,,,,,,,,,
,,,,,,,,,,,,,,,,,,,,,,,,,,
,,,,,,,,,,,,,,,,,,,,,,,,,,
,,,,,,,,,,,,,,,,,,,,,,,,,,
,,,,,,,,,,,,,,,,,,,,,,,,,,
,,,,,,,,,,,,,,,,,,,,,,,,,,
,,,,,,,,,,,,,,,,,,,,,,,,,,
,,,,,,,,,,,,,,,,,,,,,,,,,,
,,,,,,,,,,,,,,,,,,,,,,,,,,
,,,,,,,,,,,,,,,,,,,,,,,,,,
,,,,,,,,,,,,,,,,,,,,,,,,,,
,,,,,,,,,,,,,,,,,,,,,,,,,,
,,,,,,,,,,,,,,,,,,,,,,,,,,
,,,,,,,,,,,,,,,,,,,,,,,,,,
,,,,,,,,,,,,,,,,,,,,,,,,,,
,,,,,,,,,,,,,,,,,,,,,,,,,,
,,,,,,,,,,,,,,,,,,,,,,,,,,
,,,,,,,,,,,,,,,,,,,,,,,,,,
,,,,,,,,,,,,,,,,,,,,,,,,,,
,,,,,,,,,,,,,,,,,,,,,,,,,,
,,,,,,,,,,,,,,,,,,,,,,,,,,
,,,,,,,,,,,,,,,,,,,,,,,,,,
,,,,,,,,,,,,,,,,,,,,,,,,,,
,,,,,,,,,,,,,,,,,,,,,,,,,,
,,,,,,,,,,,,,,,,,,,,,,,,,,
,,,,,,,,,,,,,,,,,,,,,,,,,,
,,,,,,,,,,,,,,,,,,,,,,,,,,
,,,,,,,,,,,,,,,,,,,,,,,,,,
,,,,,,,,,,,,,,,,,,,,,,,,,,
,,,,,,,,,,,,,,,,,,,,,,,,,,
,,,,,,,,,,,,,,,,,,,,,,,,,,
,,,,,,,,,,,,,,,,,,,,,,,,,,
,,,,,,,,,,,,,,,,,,,,,,,,,,
,,,,,,,,,,,,,,,,,,,,,,,,,,
,,,,,,,,,,,,,,,,,,,,,,,,,,
,,,,,,,,,,,,,,,,,,,,,,,,,,
,,,,,,,,,,,,,,,,,,,,,,,,,,
,,,,,,,,,,,,,,,,,,,,,,,,,,
,,,,,,,,,,,,,,,,,,,,,,,,,,
,,,,,,,,,,,,,,,,,,,,,,,,,,
,,,,,,,,,,,,,,,,,,,,,,,,,,
,,,,,,,,,,,,,,,,,,,,,,,,,,
,,,,,,,,,,,,,,,,,,,,,,,,,,
,,,,,,,,,,,,,,,,,,,,,,,,,,
,,,,,,,,,,,,,,,,,,,,,,,,,,
,,,,,,,,,,,,,,,,,,,,,,,,,,
,,,,,,,,,,,,,,,,,,,,,,,,,,
,,,,,,,,,,,,,,,,,,,,,,,,,,
,,,,,,,,,,,,,,,,,,,,,,,,,,
,,,,,,,,,,,,,,,,,,,,,,,,,,
,,,,,,,,,,,,,,,,,,,,,,,,,,
,,,,,,,,,,,,,,,,,,,,,,,,,,
,,,,,,,,,,,,,,,,,,,,,,,,,,
,,,,,,,,,,,,,,,,,,,,,,,,,,
,,,,,,,,,,,,,,,,,,,,,,,,,,
,,,,,,,,,,,,,,,,,,,,,,,,,,
,,,,,,,,,,,,,,,,,,,,,,,,,,
,,,,,,,,,,,,,,,,,,,,,,,,,,
,,,,,,,,,,,,,,,,,,,,,,,,,,
,,,,,,,,,,,,,,,,,,,,,,,,,,
,,,,,,,,,,,,,,,,,,,,,,,,,,
,,,,,,,,,,,,,,,,,,,,,,,,,,
,,,,,,,,,,,,,,,,,,,,,,,,,,
,,,,,,,,,,,,,,,,,,,,,,,,,,
,,,,,,,,,,,,,,,,,,,,,,,,,,
,,,,,,,,,,,,,,,,,,,,,,,,,,
,,,,,,,,,,,,,,,,,,,,,,,,,,
,,,,,,,,,,,,,,,,,,,,,,,,,,
,,,,,,,,,,,,,,,,,,,,,,,,,,
,,,,,,,,,,,,,,,,,,,,,,,,,,
,,,,,,,,,,,,,,,,,,,,,,,,,,
,,,,,,,,,,,,,,,,,,,,,,,,,,
,,,,,,,,,,,,,,,,,,,,,,,,,,
,,,,,,,,,,,,,,,,,,,,,,,,,,
,,,,,,,,,,,,,,,,,,,,,,,,,,
,,,,,,,,,,,,,,,,,,,,,,,,,,
,,,,,,,,,,,,,,,,,,,,,,,,,,
,,,,,,,,,,,,,,,,,,,,,,,,,,
,,,,,,,,,,,,,,,,,,,,,,,,,,
,,,,,,,,,,,,,,,,,,,,,,,,,,
,,,,,,,,,,,,,,,,,,,,,,,,,,
,,,,,,,,,,,,,,,,,,,,,,,,,,
,,,,,,,,,,,,,,,,,,,,,,,,,,
,,,,,,,,,,,,,,,,,,,,,,,,,,
,,,,,,,,,,,,,,,,,,,,,,,,,,
,,,,,,,,,,,,,,,,,,,,,,,,,,
,,,,,,,,,,,,,,,,,,,,,,,,,,
,,,,,,,,,,,,,,,,,,,,,,,,,,
,,,,,,,,,,,,,,,,,,,,,,,,,,
,,,,,,,,,,,,,,,,,,,,,,,,,,
,,,,,,,,,,,,,,,,,,,,,,,,,,
,,,,,,,,,,,,,,,,,,,,,,,,,,
,,,,,,,,,,,,,,,,,,,,,,,,,,
,,,,,,,,,,,,,,,,,,,,,,,,,,
,,,,,,,,,,,,,,,,,,,,,,,,,,
,,,,,,,,,,,,,,,,,,,,,,,,,,
,,,,,,,,,,,,,,,,,,,,,,,,,,
,,,,,,,,,,,,,,,,,,,,,,,,,,
,,,,,,,,,,,,,,,,,,,,,,,,,,
,,,,,,,,,,,,,,,,,,,,,,,,,,
,,,,,,,,,,,,,,,,,,,,,,,,,,
,,,,,,,,,,,,,,,,,,,,,,,,,,
,,,,,,,,,,,,,,,,,,,,,,,,,,
,,,,,,,,,,,,,,,,,,,,,,,,,,
,,,,,,,,,,,,,,,,,,,,,,,,,,
,,,,,,,,,,,,,,,,,,,,,,,,,,
,,,,,,,,,,,,,,,,,,,,,,,,,,
,,,,,,,,,,,,,,,,,,,,,,,,,,
,,,,,,,,,,,,,,,,,,,,,,,,,,
,,,,,,,,,,,,,,,,,,,,,,,,,,
,,,,,,,,,,,,,,,,,,,,,,,,,,
,,,,,,,,,,,,,,,,,,,,,,,,,,
,,,,,,,,,,,,,,,,,,,,,,,,,,
,,,,,,,,,,,,,,,,,,,,,,,,,,
,,,,,,,,,,,,,,,,,,,,,,,,,,
,,,,,,,,,,,,,,,,,,,,,,,,,,
,,,,,,,,,,,,,,,,,,,,,,,,,,
,,,,,,,,,,,,,,,,,,,,,,,,,,
,,,,,,,,,,,,,,,,,,,,,,,,,,
,,,,,,,,,,,,,,,,,,,,,,,,,,
,,,,,,,,,,,,,,,,,,,,,,,,,,
,,,,,,,,,,,,,,,,,,,,,,,,,,
,,,,,,,,,,,,,,,,,,,,,,,,,,
,,,,,,,,,,,,,,,,,,,,,,,,,,
,,,,,,,,,,,,,,,,,,,,,,,,,,
,,,,,,,,,,,,,,,,,,,,,,,,,,
,,,,,,,,,,,,,,,,,,,,,,,,,,
,,,,,,,,,,,,,,,,,,,,,,,,,,
,,,,,,,,,,,,,,,,,,,,,,,,,,
,,,,,,,,,,,,,,,,,,,,,,,,,,
,,,,,,,,,,,,,,,,,,,,,,,,,,
,,,,,,,,,,,,,,,,,,,,,,,,,,
,,,,,,,,,,,,,,,,,,,,,,,,,,
,,,,,,,,,,,,,,,,,,,,,,,,,,
,,,,,,,,,,,,,,,,,,,,,,,,,,
,,,,,,,,,,,,,,,,,,,,,,,,,,
,,,,,,,,,,,,,,,,,,,,,,,,,,
,,,,,,,,,,,,,,,,,,,,,,,,,,
,,,,,,,,,,,,,,,,,,,,,,,,,,
,,,,,,,,,,,,,,,,,,,,,,,,,,
,,,,,,,,,,,,,,,,,,,,,,,,,,
,,,,,,,,,,,,,,,,,,,,,,,,,,
,,,,,,,,,,,,,,,,,,,,,,,,,,
,,,,,,,,,,,,,,,,,,,,,,,,,,
,,,,,,,,,,,,,,,,,,,,,,,,,,
,,,,,,,,,,,,,,,,,,,,,,,,,,
,,,,,,,,,,,,,,,,,,,,,,,,,,
,,,,,,,,,,,,,,,,,,,,,,,,,,
,,,,,,,,,,,,,,,,,,,,,,,,,,
,,,,,,,,,,,,,,,,,,,,,,,,,,
,,,,,,,,,,,,,,,,,,,,,,,,,,
,,,,,,,,,,,,,,,,,,,,,,,,,,
,,,,,,,,,,,,,,,,,,,,,,,,,,
,,,,,,,,,,,,,,,,,,,,,,,,,,
,,,,,,,,,,,,,,,,,,,,,,,,,,
,,,,,,,,,,,,,,,,,,,,,,,,,,
,,,,,,,,,,,,,,,,,,,,,,,,,,
,,,,,,,,,,,,,,,,,,,,,,,,,,
,,,,,,,,,,,,,,,,,,,,,,,,,,
,,,,,,,,,,,,,,,,,,,,,,,,,,
,,,,,,,,,,,,,,,,,,,,,,,,,,
,,,,,,,,,,,,,,,,,,,,,,,,,,
,,,,,,,,,,,,,,,,,,,,,,,,,,
,,,,,,,,,,,,,,,,,,,,,,,,,,
,,,,,,,,,,,,,,,,,,,,,,,,,,
,,,,,,,,,,,,,,,,,,,,,,,,,,
,,,,,,,,,,,,,,,,,,,,,,,,,,
,,,,,,,,,,,,,,,,,,,,,,,,,,
,,,,,,,,,,,,,,,,,,,,,,,,,,
,,,,,,,,,,,,,,,,,,,,,,,,,,
,,,,,,,,,,,,,,,,,,,,,,,,,,
,,,,,,,,,,,,,,,,,,,,,,,,,,
,,,,,,,,,,,,,,,,,,,,,,,,,,
,,,,,,,,,,,,,,,,,,,,,,,,,,
,,,,,,,,,,,,,,,,,,,,,,,,,,
,,,,,,,,,,,,,,,,,,,,,,,,,,
,,,,,,,,,,,,,,,,,,,,,,,,,,
,,,,,,,,,,,,,,,,,,,,,,,,,,
,,,,,,,,,,,,,,,,,,,,,,,,,,
,,,,,,,,,,,,,,,,,,,,,,,,,,
,,,,,,,,,,,,,,,,,,,,,,,,,,
,,,,,,,,,,,,,,,,,,,,,,,,,,
,,,,,,,,,,,,,,,,,,,,,,,,,,
,,,,,,,,,,,,,,,,,,,,,,,,,,
,,,,,,,,,,,,,,,,,,,,,,,,,,
,,,,,,,,,,,,,,,,,,,,,,,,,,
,,,,,,,,,,,,,,,,,,,,,,,,,,
,,,,,,,,,,,,,,,,,,,,,,,,,,
,,,,,,,,,,,,,,,,,,,,,,,,,,
,,,,,,,,,,,,,,,,,,,,,,,,,,
,,,,,,,,,,,,,,,,,,,,,,,,,,
,,,,,,,,,,,,,,,,,,,,,,,,,,
,,,,,,,,,,,,,,,,,,,,,,,,,,
,,,,,,,,,,,,,,,,,,,,,,,,,,
,,,,,,,,,,,,,,,,,,,,,,,,,,
,,,,,,,,,,,,,,,,,,,,,,,,,,
,,,,,,,,,,,,,,,,,,,,,,,,,,
,,,,,,,,,,,,,,,,,,,,,,,,,,
,,,,,,,,,,,,,,,,,,,,,,,,,,
,,,,,,,,,,,,,,,,,,,,,,,,,,
,,,,,,,,,,,,,,,,,,,,,,,,,,
,,,,,,,,,,,,,,,,,,,,,,,,,,
,,,,,,,,,,,,,,,,,,,,,,,,,,
,,,,,,,,,,,,,,,,,,,,,,,,,,
,,,,,,,,,,,,,,,,,,,,,,,,,,
,,,,,,,,,,,,,,,,,,,,,,,,,,
,,,,,,,,,,,,,,,,,,,,,,,,,,
,,,,,,,,,,,,,,,,,,,,,,,,,,
,,,,,,,,,,,,,,,,,,,,,,,,,,
,,,,,,,,,,,,,,,,,,,,,,,,,,
,,,,,,,,,,,,,,,,,,,,,,,,,,
,,,,,,,,,,,,,,,,,,,,,,,,,,
,,,,,,,,,,,,,,,,,,,,,,,,,,
,,,,,,,,,,,,,,,,,,,,,,,,,,
,,,,,,,,,,,,,,,,,,,,,,,,,,
,,,,,,,,,,,,,,,,,,,,,,,,,,
,,,,,,,,,,,,,,,,,,,,,,,,,,
,,,,,,,,,,,,,,,,,,,,,,,,,,
,,,,,,,,,,,,,,,,,,,,,,,,,,
,,,,,,,,,,,,,,,,,,,,,,,,,,
,,,,,,,,,,,,,,,,,,,,,,,,,,
,,,,,,,,,,,,,,,,,,,,,,,,,,
,,,,,,,,,,,,,,,,,,,,,,,,,,
,,,,,,,,,,,,,,,,,,,,,,,,,,
,,,,,,,,,,,,,,,,,,,,,,,,,,
,,,,,,,,,,,,,,,,,,,,,,,,,,
,,,,,,,,,,,,,,,,,,,,,,,,,,
,,,,,,,,,,,,,,,,,,,,,,,,,,
,,,,,,,,,,,,,,,,,,,,,,,,,,
,,,,,,,,,,,,,,,,,,,,,,,,,,
,,,,,,,,,,,,,,,,,,,,,,,,,,
,,,,,,,,,,,,,,,,,,,,,,,,,,
,,,,,,,,,,,,,,,,,,,,,,,,,,
,,,,,,,,,,,,,,,,,,,,,,,,,,
,,,,,,,,,,,,,,,,,,,,,,,,,,
,,,,,,,,,,,,,,,,,,,,,,,,,,
,,,,,,,,,,,,,,,,,,,,,,,,,,
,,,,,,,,,,,,,,,,,,,,,,,,,,
,,,,,,,,,,,,,,,,,,,,,,,,,,
,,,,,,,,,,,,,,,,,,,,,,,,,,
,,,,,,,,,,,,,,,,,,,,,,,,,,
,,,,,,,,,,,,,,,,,,,,,,,,,,
,,,,,,,,,,,,,,,,,,,,,,,,,,
,,,,,,,,,,,,,,,,,,,,,,,,,,
,,,,,,,,,,,,,,,,,,,,,,,,,,
,,,,,,,,,,,,,,,,,,,,,,,,,,
,,,,,,,,,,,,,,,,,,,,,,,,,,
,,,,,,,,,,,,,,,,,,,,,,,,,,
,,,,,,,,,,,,,,,,,,,,,,,,,,
,,,,,,,,,,,,,,,,,,,,,,,,,,
,,,,,,,,,,,,,,,,,,,,,,,,,,
,,,,,,,,,,,,,,,,,,,,,,,,,,
,,,,,,,,,,,,,,,,,,,,,,,,,,
,,,,,,,,,,,,,,,,,,,,,,,,,,
,,,,,,,,,,,,,,,,,,,,,,,,,,
,,,,,,,,,,,,,,,,,,,,,,,,,,
,,,,,,,,,,,,,,,,,,,,,,,,,,
,,,,,,,,,,,,,,,,,,,,,,,,,,
,,,,,,,,,,,,,,,,,,,,,,,,,,
,,,,,,,,,,,,,,,,,,,,,,,,,,
,,,,,,,,,,,,,,,,,,,,,,,,,,
,,,,,,,,,,,,,,,,,,,,,,,,,,
,,,,,,,,,,,,,,,,,,,,,,,,,,
,,,,,,,,,,,,,,,,,,,,,,,,,,
,,,,,,,,,,,,,,,,,,,,,,,,,,
,,,,,,,,,,,,,,,,,,,,,,,,,,
,,,,,,,,,,,,,,,,,,,,,,,,,,
,,,,,,,,,,,,,,,,,,,,,,,,,,
,,,,,,,,,,,,,,,,,,,,,,,,,,
,,,,,,,,,,,,,,,,,,,,,,,,,,
,,,,,,,,,,,,,,,,,,,,,,,,,,
,,,,,,,,,,,,,,,,,,,,,,,,,,
,,,,,,,,,,,,,,,,,,,,,,,,,,
,,,,,,,,,,,,,,,,,,,,,,,,,,
,,,,,,,,,,,,,,,,,,,,,,,,,,
,,,,,,,,,,,,,,,,,,,,,,,,,,
,,,,,,,,,,,,,,,,,,,,,,,,,,
,,,,,,,,,,,,,,,,,,,,,,,,,,
,,,,,,,,,,,,,,,,,,,,,,,,,,
,,,,,,,,,,,,,,,,,,,,,,,,,,
,,,,,,,,,,,,,,,,,,,,,,,,,,
,,,,,,,,,,,,,,,,,,,,,,,,,,
,,,,,,,,,,,,,,,,,,,,,,,,,,
,,,,,,,,,,,,,,,,,,,,,,,,,,
,,,,,,,,,,,,,,,,,,,,,,,,,,
,,,,,,,,,,,,,,,,,,,,,,,,,,
,,,,,,,,,,,,,,,,,,,,,,,,,,
,,,,,,,,,,,,,,,,,,,,,,,,,,
,,,,,,,,,,,,,,,,,,,,,,,,,,
,,,,,,,,,,,,,,,,,,,,,,,,,,
,,,,,,,,,,,,,,,,,,,,,,,,,,
,,,,,,,,,,,,,,,,,,,,,,,,,,
,,,,,,,,,,,,,,,,,,,,,,,,,,
,,,,,,,,,,,,,,,,,,,,,,,,,,
,,,,,,,,,,,,,,,,,,,,,,,,,,
,,,,,,,,,,,,,,,,,,,,,,,,,,
,,,,,,,,,,,,,,,,,,,,,,,,,,
,,,,,,,,,,,,,,,,,,,,,,,,,,
,,,,,,,,,,,,,,,,,,,,,,,,,,
,,,,,,,,,,,,,,,,,,,,,,,,,,
,,,,,,,,,,,,,,,,,,,,,,,,,,
,,,,,,,,,,,,,,,,,,,,,,,,,,
,,,,,,,,,,,,,,,,,,,,,,,,,,
,,,,,,,,,,,,,,,,,,,,,,,,,,
,,,,,,,,,,,,,,,,,,,,,,,,,,
,,,,,,,,,,,,,,,,,,,,,,,,,,
,,,,,,,,,,,,,,,,,,,,,,,,,,
,,,,,,,,,,,,,,,,,,,,,,,,,,
,,,,,,,,,,,,,,,,,,,,,,,,,,
,,,,,,,,,,,,,,,,,,,,,,,,,,
,,,,,,,,,,,,,,,,,,,,,,,,,,
,,,,,,,,,,,,,,,,,,,,,,,,,,
,,,,,,,,,,,,,,,,,,,,,,,,,,
,,,,,,,,,,,,,,,,,,,,,,,,,,
,,,,,,,,,,,,,,,,,,,,,,,,,,
,,,,,,,,,,,,,,,,,,,,,,,,,,
,,,,,,,,,,,,,,,,,,,,,,,,,,
,,,,,,,,,,,,,,,,,,,,,,,,,,
,,,,,,,,,,,,,,,,,,,,,,,,,,
,,,,,,,,,,,,,,,,,,,,,,,,,,
,,,,,,,,,,,,,,,,,,,,,,,,,,
,,,,,,,,,,,,,,,,,,,,,,,,,,
,,,,,,,,,,,,,,,,,,,,,,,,,,
,,,,,,,,,,,,,,,,,,,,,,,,,,
,,,,,,,,,,,,,,,,,,,,,,,,,,
,,,,,,,,,,,,,,,,,,,,,,,,,,
,,,,,,,,,,,,,,,,,,,,,,,,,,
,,,,,,,,,,,,,,,,,,,,,,,,,,
,,,,,,,,,,,,,,,,,,,,,,,,,,
,,,,,,,,,,,,,,,,,,,,,,,,,,
,,,,,,,,,,,,,,,,,,,,,,,,,,
,,,,,,,,,,,,,,,,,,,,,,,,,,
,,,,,,,,,,,,,,,,,,,,,,,,,,
,,,,,,,,,,,,,,,,,,,,,,,,,,
,,,,,,,,,,,,,,,,,,,,,,,,,,
,,,,,,,,,,,,,,,,,,,,,,,,,,
,,,,,,,,,,,,,,,,,,,,,,,,,,
,,,,,,,,,,,,,,,,,,,,,,,,,,
,,,,,,,,,,,,,,,,,,,,,,,,,,
,,,,,,,,,,,,,,,,,,,,,,,,,,
,,,,,,,,,,,,,,,,,,,,,,,,,,
,,,,,,,,,,,,,,,,,,,,,,,,,,
,,,,,,,,,,,,,,,,,,,,,,,,,,
,,,,,,,,,,,,,,,,,,,,,,,,,,
,,,,,,,,,,,,,,,,,,,,,,,,,,
,,,,,,,,,,,,,,,,,,,,,,,,,,
,,,,,,,,,,,,,,,,,,,,,,,,,,
,,,,,,,,,,,,,,,,,,,,,,,,,,
,,,,,,,,,,,,,,,,,,,,,,,,,,
,,,,,,,,,,,,,,,,,,,,,,,,,,
,,,,,,,,,,,,,,,,,,,,,,,,,,
,,,,,,,,,,,,,,,,,,,,,,,,,,
,,,,,,,,,,,,,,,,,,,,,,,,,,
,,,,,,,,,,,,,,,,,,,,,,,,,,
,,,,,,,,,,,,,,,,,,,,,,,,,,
,,,,,,,,,,,,,,,,,,,,,,,,,,
,,,,,,,,,,,,,,,,,,,,,,,,,,
,,,,,,,,,,,,,,,,,,,,,,,,,,
,,,,,,,,,,,,,,,,,,,,,,,,,,
,,,,,,,,,,,,,,,,,,,,,,,,,,
,,,,,,,,,,,,,,,,,,,,,,,,,,
,,,,,,,,,,,,,,,,,,,,,,,,,,
,,,,,,,,,,,,,,,,,,,,,,,,,,
,,,,,,,,,,,,,,,,,,,,,,,,,,
,,,,,,,,,,,,,,,,,,,,,,,,,,
,,,,,,,,,,,,,,,,,,,,,,,,,,
,,,,,,,,,,,,,,,,,,,,,,,,,,
,,,,,,,,,,,,,,,,,,,,,,,,,,
,,,,,,,,,,,,,,,,,,,,,,,,,,
,,,,,,,,,,,,,,,,,,,,,,,,,,
,,,,,,,,,,,,,,,,,,,,,,,,,,
,,,,,,,,,,,,,,,,,,,,,,,,,,
,,,,,,,,,,,,,,,,,,,,,,,,,,
,,,,,,,,,,,,,,,,,,,,,,,,,,
,,,,,,,,,,,,,,,,,,,,,,,,,,
,,,,,,,,,,,,,,,,,,,,,,,,,,
,,,,,,,,,,,,,,,,,,,,,,,,,,